time,site_names,counter,discharge,fountain_pressure,site_name,temperature,timestamp,water_temp,wind
2024-11-20 10:21:37.972000000,Ay,2.0,0.0,110.3,Ay,3.3,2024-11-20 15:41,,0.0
2024-11-20 15:41:00.000000000,Ay,2.0,0.0,110.3,Ay,3.3,2024-11-20 15:41,0.0,0.0
2024-11-20 15:41:00.000000000,ZK,2.0,0.0,110.3,ZK,3.3,2024-11-20 15:41,0.0,0.0
2024-11-21 04:31:16.479000000,Ay,2.0,0.0,110.1,Ay,1.5,2024-11-21 10:01,0.0,0.3
2024-11-21 04:52:09.950000000,Ay,2.0,0.0,110.2,Ay,2.3,2024-11-21 10:21,0.0,0.0
2024-11-21 05:05:57.649000000,Ig,1.0,0.0,87.0,Ig,-1.7,2024-11-21 10:30,-2.6,1.8
2024-11-21 05:10:16.736000000,Ay,2.0,0.0,110.7,Ay,1.7,2024-11-21 10:41,0.0,0.5
2024-11-21 05:20:44.945000000,Ig,2.0,0.0,87.3,Ig,-1.0,2024-11-21 10:50,3.4,2.0
2024-11-21 05:31:15.735000000,Ay,2.0,0.0,111.9,Ay,2.9,2024-11-21 11:01,0.0,0.1
2024-11-21 05:41:44.877000000,Ig,2.0,0.0,87.4,Ig,1.2,2024-11-21 11:10,3.8,0.5
2024-11-21 05:52:17.109000000,Ay,2.0,0.0,111.5,Ay,3.3,2024-11-21 11:21,0.0,0.4
2024-11-21 05:59:44.239000000,Ig,2.0,0.0,87.4,Ig,1.6,2024-11-21 11:30,4.0,1.8
2024-11-21 06:10:10.668000000,Ay,2.0,0.0,110.8,Ay,2.9,2024-11-21 11:41,0.0,1.5
2024-11-21 06:20:47.402000000,Ig,2.0,0.0,87.5,Ig,1.9,2024-11-21 11:50,4.0,1.3
2024-11-21 06:31:11.627000000,Ay,2.0,0.0,109.2,Ay,3.4,2024-11-21 12:01,0.0,0.0
2024-11-21 06:41:45.458000000,Ig,2.0,0.0,90.1,Ig,1.7,2024-11-21 12:10,4.0,2.8
2024-11-21 06:52:15.501000000,Ay,2.0,0.0,110.4,Ay,2.9,2024-11-21 12:21,0.0,1.2
2024-11-21 07:00:40.484000000,Ig,2.0,0.0,90.2,Ig,2.6,2024-11-21 12:30,4.2,2.2
2024-11-21 07:10:10.965000000,Ay,2.0,0.0,109.5,Ay,2.8,2024-11-21 12:41,0.0,0.9
2024-11-21 07:20:59.348000000,Ig,2.0,0.0,90.9,Ig,2.9,2024-11-21 12:50,4.2,2.3
2024-11-21 07:21:22.762000000,Ig,2.0,0.0,90.9,Ig,2.9,2024-11-21 12:50,4.2,2.3
2024-11-21 07:31:15.080000000,Ay,2.0,0.0,108.9,Ay,2.9,2024-11-21 13:01,0.0,0.6
2024-11-21 07:41:51.839000000,Ig,2.0,0.0,90.8,Ig,3.5,2024-11-21 13:10,4.3,1.4
2024-11-21 07:52:15.127000000,Ay,2.0,0.0,109.6,Ay,2.9,2024-11-21 13:21,0.0,0.2
2024-11-21 08:10:09.100000000,Ay,2.0,0.0,110.5,Ay,2.9,2024-11-21 13:41,0.0,0.5
2024-11-21 08:20:46.798000000,Ig,2.0,0.0,90.9,Ig,3.9,2024-11-21 13:50,4.2,1.6
2024-11-21 08:31:15.224000000,Ay,2.0,0.0,109.5,Ay,3.1,2024-11-21 14:01,0.0,0.0
2024-11-21 08:41:52.411000000,Ig,2.0,0.0,90.8,Ig,4.4,2024-11-21 14:10,4.2,1.9
2024-11-21 08:52:16.232000000,Ay,2.0,0.0,109.5,Ay,3.3,2024-11-21 14:21,0.0,0.8
2024-11-21 08:59:46.389000000,Ig,2.0,0.0,90.9,Ig,4.5,2024-11-21 14:30,4.0,1.4
2024-11-21 09:00:34.220000000,Ay,2.0,0.0,110.3,Ay,3.3,2024-11-20 15:41,0.0,0.0
2024-11-21 09:10:15.830000000,Ay,2.0,0.0,111.0,Ay,3.3,2024-11-21 14:41,0.0,0.9
2024-11-21 09:12:10.330000000,Ay,2.0,0.0,110.3,Ay,3.3,2024-11-20 15:41,0.0,0.0
2024-11-21 09:14:52.327000000,Ay,2.0,0.0,110.3,Ay,3.3,2024-11-20 15:41,0.0,0.0
2024-11-22 04:44:32.181000000,Ay,2.0,0.0,110.3,Ay,3.3,2024-11-20 15:41,0.0,0.0
2024-11-22 11:39:02.921000000,ZK,2.0,0.0,110.3,ZK,3.3,2024-11-20 15:41,0.0,0.0
2024-11-22 11:40:03.132000000,ZK,2.0,0.0,110.3,ZK,3.3,2024-11-20 15:41,0.0,0.0
2024-11-22 11:40:33.029000000,Te,1.0,0.0,0.0,Te,8.1,2010-09-13 22:46,0.0,0.0
2024-11-22 11:45:38.143000000,Te,1.0,0.0,0.0,Te,8.2,2010-09-13 22:51,0.0,0.0
2024-11-22 11:52:15.809000000,Ay,2.0,0.0,105.6,Ay,3.6,2024-11-22 17:21,0.0,3.0
2024-11-22 11:56:58.550000000,Te,1.0,0.0,0.0,Te,8.2,2024-11-22 17:22,0.0,0.0
2024-11-22 12:08:47.112000000,Te,3.0,0.0,0.0,Te,8.2,2024-11-22 17:29,0.0,0.0
2024-11-22 12:09:09.685000000,Te,5.0,0.0,0.0,Te,8.9,2024-11-22 17:36,0.0,0.0
2024-11-22 12:10:15.352000000,Ay,2.0,0.0,104.6,Ay,3.6,2024-11-22 17:41,0.0,2.4
2024-11-22 12:20:43.643000000,Te,6.0,0.0,0.0,Te,10.0,2024-11-22 17:43,0.0,0.0
2024-11-22 12:23:45.081000000,Te,8.0,0.0,0.0,Te,10.5,2024-11-22 17:50,0.0,0.0
2024-11-22 12:31:14.853000000,Ay,2.0,0.0,105.3,Ay,3.5,2024-11-22 18:01,0.0,2.6
2024-11-22 12:35:44.353000000,Te,10.0,0.0,0.0,Te,10.0,2024-11-22 17:57,0.0,0.0
2024-11-22 12:36:07.404000000,Te,12.0,0.0,0.0,Te,9.5,2024-11-22 18:04,0.0,0.0
2024-11-22 12:50:43.528000000,Te,14.0,0.0,0.0,Te,9.2,2024-11-22 18:11,0.0,0.0
2024-11-22 12:51:05.429000000,Te,16.0,0.0,0.0,Te,9.0,2024-11-22 18:18,0.0,0.0
2024-11-22 12:52:15.384000000,Ay,2.0,0.0,104.9,Ay,3.1,2024-11-22 18:21,0.0,2.9
2024-11-22 13:05:43.530000000,Te,17.0,0.0,0.0,Te,8.7,2024-11-22 18:25,0.0,0.0
2024-11-22 13:06:03.398000000,Te,19.0,0.0,0.0,Te,8.5,2024-11-22 18:32,0.0,0.0
2024-11-22 13:10:15.706000000,Ay,2.0,0.0,104.4,Ay,3.4,2024-11-22 18:41,0.0,1.2
2024-11-22 13:17:44.624000000,Te,21.0,0.0,0.0,Te,8.4,2024-11-22 18:39,0.0,0.0
2024-11-22 13:18:05.814000000,Te,23.0,0.0,0.0,Te,8.3,2024-11-22 18:46,0.0,0.0
2024-11-22 13:31:13.952000000,Ay,2.0,0.0,106.6,Ay,3.3,2024-11-22 19:01,0.0,0.1
2024-11-22 13:32:43.042000000,Te,25.0,0.0,0.0,Te,8.2,2024-11-22 18:53,0.0,0.0
2024-11-22 13:33:05.689000000,Te,27.0,0.0,0.0,Te,8.1,2024-11-22 19:00,0.0,0.0
2024-11-22 13:38:44.725000000,Te,28.0,0.0,0.0,Te,8.0,2024-11-22 19:07,0.0,0.0
2024-11-22 13:47:45.021000000,Te,30.0,0.0,0.0,Te,8.0,2024-11-22 19:14,0.0,0.0
2024-11-22 13:52:15.059000000,Ay,2.0,0.0,105.2,Ay,3.6,2024-11-22 19:21,0.0,1.1
2024-11-22 14:02:45.635000000,Te,32.0,0.0,0.0,Te,8.0,2024-11-22 19:21,0.0,0.0
2024-11-22 14:03:08.366000000,Te,34.0,0.0,0.0,Te,8.0,2024-11-22 19:28,0.0,0.0
2024-11-22 14:10:13.224000000,Ay,2.0,0.0,105.7,Ay,2.9,2024-11-22 19:41,0.0,2.1
2024-11-22 14:14:44.337000000,Te,36.0,0.0,0.0,Te,7.9,2024-11-22 19:35,0.0,0.0
2024-11-22 14:15:07.090000000,Te,38.0,0.0,0.0,Te,7.9,2024-11-22 19:42,0.0,0.0
2024-11-22 14:20:46.062000000,Te,40.0,0.0,0.0,Te,7.8,2024-11-22 19:49,0.0,0.0
2024-11-22 14:29:44.981000000,Te,41.0,0.0,0.0,Te,7.8,2024-11-22 19:56,0.0,0.0
2024-11-22 14:31:14.989000000,Ay,2.0,0.0,104.7,Ay,2.9,2024-11-22 20:01,0.0,0.3
2024-11-22 14:41:45.578000000,Te,43.0,0.0,0.0,Te,7.7,2024-11-22 20:03,0.0,0.0
2024-11-22 14:42:06.981000000,Te,45.0,0.0,0.0,Te,7.6,2024-11-22 20:10,0.0,0.0
2024-11-22 14:52:13.708000000,Ay,2.0,0.0,105.6,Ay,2.9,2024-11-22 20:21,0.0,0.8
2024-11-22 14:53:43.409000000,Te,47.0,0.0,0.0,Te,7.7,2024-11-22 20:17,0.0,0.0
2024-11-22 14:56:44.658000000,Te,48.0,0.0,0.0,Te,7.6,2024-11-22 20:24,0.0,0.0
2024-11-22 15:08:44.274000000,Te,50.0,0.0,0.0,Te,7.6,2024-11-22 20:31,0.0,0.0
2024-11-22 15:10:14.429000000,Ay,2.0,0.0,103.7,Ay,2.5,2024-11-22 20:41,0.0,3.4
2024-11-22 15:11:44.547000000,Te,52.0,0.0,0.0,Te,7.6,2024-11-22 20:38,0.0,0.0
2024-11-22 15:20:45.114000000,Te,54.0,0.0,0.0,Te,7.5,2024-11-22 20:45,0.0,0.0
2024-11-22 15:23:44.720000000,Te,56.0,0.0,0.0,Te,7.5,2024-11-22 20:52,0.0,0.0
2024-11-22 15:31:14.879000000,Ay,2.0,0.0,101.8,Ay,2.6,2024-11-22 21:01,0.0,0.7
2024-11-22 15:32:44.974000000,Te,57.0,0.0,0.0,Te,7.5,2024-11-22 20:59,0.0,0.0
2024-11-22 15:44:44.996000000,Te,59.0,0.0,0.0,Te,7.5,2024-11-22 21:06,0.0,0.0
2024-11-22 15:45:07.791000000,Te,61.0,0.0,0.0,Te,7.5,2024-11-22 21:13,0.0,0.0
2024-11-22 15:52:15.234000000,Ay,2.0,0.0,105.8,Ay,2.8,2024-11-22 21:21,0.0,0.9
2024-11-22 15:56:44.728000000,Te,63.0,0.0,0.0,Te,7.4,2024-11-22 21:20,0.0,0.0
2024-11-22 15:59:45.570000000,Te,64.0,0.0,0.0,Te,7.5,2024-11-22 21:27,0.0,0.0
2024-11-22 16:10:15.642000000,Ay,2.0,0.0,104.8,Ay,2.7,2024-11-22 21:41,0.0,0.0
2024-11-22 16:11:46.365000000,Te,66.0,0.0,0.0,Te,7.3,2024-11-22 21:34,0.0,0.0
2024-11-22 16:14:44.844000000,Te,68.0,0.0,0.0,Te,7.4,2024-11-22 21:41,0.0,0.0
2024-11-22 16:26:45.335000000,Te,70.0,0.0,0.0,Te,7.4,2024-11-22 21:48,0.0,0.0
2024-11-22 16:27:08.687000000,Te,72.0,0.0,0.0,Te,7.4,2024-11-22 21:55,0.0,0.0
2024-11-22 16:31:13.726000000,Ay,2.0,0.0,106.1,Ay,2.5,2024-11-22 22:01,0.0,0.6
2024-11-22 16:38:44.899000000,Te,74.0,0.0,0.0,Te,7.3,2024-11-22 22:02,0.0,0.0
2024-11-22 16:41:43.951000000,Te,75.0,0.0,0.0,Te,7.3,2024-11-22 22:09,0.0,0.0
2024-11-22 16:50:44.979000000,Te,77.0,0.0,0.0,Te,7.1,2024-11-22 22:16,0.0,0.0
2024-11-22 16:52:13.452000000,Ay,2.0,0.0,106.8,Ay,1.1,2024-11-22 22:21,0.0,0.5
2024-11-22 16:56:45.317000000,Te,79.0,0.0,0.0,Te,7.2,2024-11-22 22:23,0.0,0.0
2024-11-22 17:05:45.078000000,Te,81.0,0.0,0.0,Te,7.2,2024-11-22 22:30,0.0,0.0
2024-11-22 17:10:13.459000000,Ay,2.0,0.0,107.6,Ay,1.2,2024-11-22 22:41,0.0,2.1
2024-11-22 17:20:44.988000000,Te,83.0,0.0,0.0,Te,7.1,2024-11-22 22:37,0.0,0.0
2024-11-22 17:21:08.410000000,Te,85.0,0.0,0.0,Te,7.1,2024-11-22 22:44,0.0,0.0
2024-11-22 17:23:45.289000000,Te,86.0,0.0,0.0,Te,7.0,2024-11-22 22:51,0.0,0.0
2024-11-22 17:31:13.036000000,Ay,2.0,0.0,108.0,Ay,1.7,2024-11-22 23:01,0.0,0.0
2024-11-22 17:32:45.144000000,Te,88.0,0.0,0.0,Te,7.0,2024-11-22 22:58,0.0,0.0
2024-11-22 17:44:45.326000000,Te,90.0,0.0,0.0,Te,7.1,2024-11-22 23:05,0.0,0.0
2024-11-22 17:45:08.163000000,Te,92.0,0.0,0.0,Te,7.1,2024-11-22 23:12,0.0,0.0
2024-11-22 17:52:14.855000000,Ay,2.0,0.0,107.3,Ay,1.9,2024-11-22 23:21,0.0,0.0
2024-11-22 17:59:45.111000000,Te,94.0,0.0,0.0,Te,6.9,2024-11-22 23:19,0.0,0.0
2024-11-22 18:00:08.838000000,Te,95.0,0.0,0.0,Te,7.0,2024-11-22 23:26,0.0,0.0
2024-11-22 18:10:12.928000000,Ay,2.0,0.0,103.9,Ay,1.5,2024-11-22 23:41,0.0,0.4
2024-11-22 18:11:44.680000000,Te,97.0,0.0,0.0,Te,7.1,2024-11-22 23:33,0.0,0.0
2024-11-22 18:12:07.816000000,Te,99.0,0.0,0.0,Te,7.0,2024-11-22 23:40,0.0,0.0
2024-11-22 18:23:43.103000000,Te,101.0,0.0,0.0,Te,7.0,2024-11-22 23:47,0.0,0.0
2024-11-22 18:26:44.969000000,Te,102.0,0.0,0.0,Te,6.9,2024-11-22 23:54,0.0,0.0
2024-11-22 18:31:14.603000000,Ay,2.0,0.0,104.4,Ay,1.5,2024-11-23 00:01,0.0,0.0
2024-11-22 18:35:44.778000000,Te,104.0,0.0,0.0,Te,6.9,2024-11-23 00:01,0.0,0.0
2024-11-22 18:41:44.566000000,Te,106.0,0.0,0.0,Te,7.0,2024-11-23 00:08,0.0,0.0
2024-11-22 18:50:45.026000000,Te,108.0,0.0,0.0,Te,6.9,2024-11-23 00:15,0.0,0.0
2024-11-22 18:52:14.523000000,Ay,2.0,0.0,105.3,Ay,1.2,2024-11-23 00:21,0.0,0.4
2024-11-22 19:02:43.466000000,Te,110.0,0.0,0.0,Te,6.8,2024-11-23 00:22,0.0,0.0
2024-11-22 19:03:05.270000000,Te,112.0,0.0,0.0,Te,6.8,2024-11-23 00:29,0.0,0.0
2024-11-22 19:08:43.596000000,Te,113.0,0.0,0.0,Te,6.8,2024-11-23 00:36,0.0,0.0
2024-11-22 19:10:14.949000000,Ay,2.0,0.0,104.4,Ay,1.4,2024-11-23 00:41,0.0,0.5
2024-11-22 19:17:44.583000000,Te,115.0,0.0,0.0,Te,6.7,2024-11-23 00:43,0.0,0.0
2024-11-22 19:23:43.693000000,Te,117.0,0.0,0.0,Te,6.7,2024-11-23 00:50,0.0,0.0
2024-11-22 19:31:14.873000000,Ay,2.0,0.0,106.2,Ay,1.3,2024-11-23 01:01,0.0,0.7
2024-11-22 19:32:44.472000000,Te,119.0,0.0,0.0,Te,6.7,2024-11-23 00:57,0.0,0.0
2024-11-22 19:47:44.878000000,Te,121.0,0.0,0.0,Te,6.6,2024-11-23 01:04,0.0,0.0
2024-11-22 19:48:07.614000000,Te,123.0,0.0,0.0,Te,6.7,2024-11-23 01:11,0.0,0.0
2024-11-22 19:50:45.102000000,Te,124.0,0.0,0.0,Te,6.6,2024-11-23 01:18,0.0,0.0
2024-11-22 19:52:15.001000000,Ay,2.0,0.0,105.0,Ay,1.0,2024-11-23 01:21,0.0,0.3
2024-11-22 19:59:44.953000000,Te,126.0,0.0,0.0,Te,6.6,2024-11-23 01:25,0.0,0.0
2024-11-22 20:10:15.322000000,Ay,2.0,0.0,104.0,Ay,1.0,2024-11-23 01:41,0.0,0.0
2024-11-22 20:11:43.596000000,Te,128.0,0.0,0.0,Te,6.7,2024-11-23 01:32,0.0,0.0
2024-11-22 20:12:07.072000000,Te,130.0,0.0,0.0,Te,6.6,2024-11-23 01:39,0.0,0.0
2024-11-22 20:23:45.004000000,Te,131.0,0.0,0.0,Te,6.5,2024-11-23 01:46,0.0,0.0
2024-11-22 20:26:44.814000000,Te,133.0,0.0,0.0,Te,6.5,2024-11-23 01:53,0.0,0.0
2024-11-22 20:31:13.509000000,Ay,2.0,0.0,105.3,Ay,1.2,2024-11-23 02:01,0.0,1.2
2024-11-22 20:35:43.003000000,Te,135.0,0.0,0.0,Te,6.5,2024-11-23 02:00,0.0,0.0
2024-11-22 20:41:43.478000000,Te,137.0,0.0,0.0,Te,6.5,2024-11-23 02:07,0.0,0.0
2024-11-22 20:50:43.337000000,Te,139.0,0.0,0.0,Te,6.5,2024-11-23 02:14,0.0,0.0
2024-11-22 20:52:13.189000000,Ay,2.0,0.0,105.0,Ay,1.5,2024-11-23 02:21,0.0,0.6
2024-11-22 20:53:44.783000000,Te,140.0,0.0,0.0,Te,6.4,2024-11-23 02:21,0.0,0.0
2024-11-22 21:02:44.491000000,Te,141.0,0.0,0.0,Te,6.4,2024-11-23 02:29,0.0,0.0
2024-11-22 21:08:45.179000000,Te,141.0,0.0,0.0,Te,6.4,2024-11-23 02:36,0.0,0.0
2024-11-22 21:10:15.099000000,Ay,2.0,0.0,104.5,Ay,1.0,2024-11-23 02:41,0.0,0.1
2024-11-22 21:14:45.117000000,Te,141.0,0.0,0.0,Te,6.4,2024-11-23 02:43,0.0,0.0
2024-11-22 21:23:44.782000000,Te,141.0,0.0,0.0,Te,6.3,2024-11-23 02:50,0.0,0.0
2024-11-22 21:29:44.493000000,Te,141.0,0.0,0.0,Te,6.3,2024-11-23 02:57,0.0,0.0
2024-11-22 21:31:15.537000000,Ay,2.0,0.0,105.3,Ay,0.9,2024-11-23 03:01,0.0,0.0
2024-11-22 21:35:44.946000000,Te,141.0,0.0,0.0,Te,6.3,2024-11-23 03:04,0.0,0.0
2024-11-22 21:44:45.008000000,Te,141.0,0.0,0.0,Te,6.2,2024-11-23 03:11,0.0,0.0
2024-11-22 21:50:42.962000000,Te,141.0,0.0,0.0,Te,6.3,2024-11-23 03:18,0.0,0.0
2024-11-22 21:52:14.953000000,Ay,2.0,0.0,104.2,Ay,0.2,2024-11-23 03:21,0.0,0.8
2024-11-22 21:56:44.575000000,Te,141.0,0.0,0.0,Te,6.2,2024-11-23 03:25,0.0,0.0
2024-11-22 22:05:44.622000000,Te,141.0,0.0,0.0,Te,6.2,2024-11-23 03:32,0.0,0.0
2024-11-22 22:10:12.974000000,Ay,2.0,0.0,102.3,Ay,0.3,2024-11-23 03:41,0.0,0.0
2024-11-22 22:11:45.080000000,Te,141.0,0.0,0.0,Te,6.3,2024-11-23 03:39,0.0,0.0
2024-11-22 22:17:43.839000000,Te,141.0,0.0,0.0,Te,6.2,2024-11-23 03:46,0.0,0.0
2024-11-22 22:26:45.071000000,Te,141.0,0.0,0.0,Te,6.1,2024-11-23 03:53,0.0,0.0
2024-11-22 22:31:15.295000000,Ay,2.0,0.0,102.1,Ay,0.2,2024-11-23 04:01,0.0,0.3
2024-11-22 22:32:44.704000000,Te,141.0,0.0,0.0,Te,6.1,2024-11-23 04:00,0.0,0.0
2024-11-22 22:38:43.410000000,Te,141.0,0.0,0.0,Te,6.1,2024-11-23 04:07,0.0,0.0
2024-11-22 22:47:44.492000000,Te,141.0,0.0,0.0,Te,6.0,2024-11-23 04:14,0.0,0.0
2024-11-22 22:52:14.716000000,Ay,2.0,0.0,103.5,Ay,0.0,2024-11-23 04:21,0.0,0.0
2024-11-22 22:53:45.129000000,Te,141.0,0.0,0.0,Te,5.9,2024-11-23 04:21,0.0,0.0
2024-11-22 22:59:44.104000000,Te,141.0,0.0,0.0,Te,6.0,2024-11-23 04:28,0.0,0.0
2024-11-22 23:08:44.823000000,Te,141.0,0.0,0.0,Te,5.9,2024-11-23 04:35,0.0,0.0
2024-11-22 23:10:15.060000000,Ay,2.0,0.0,103.5,Ay,-0.3,2024-11-23 04:41,0.0,0.1
2024-11-22 23:14:43.426000000,Te,141.0,0.0,0.0,Te,5.9,2024-11-23 04:42,0.0,0.0
2024-11-22 23:20:44.904000000,Te,141.0,0.0,0.0,Te,5.8,2024-11-23 04:49,0.0,0.0
2024-11-22 23:29:43.178000000,Te,141.0,0.0,0.0,Te,5.9,2024-11-23 04:56,0.0,0.0
2024-11-22 23:31:14.754000000,Ay,2.0,0.0,102.6,Ay,-0.2,2024-11-23 05:01,0.0,2.3
2024-11-22 23:35:44.478000000,Te,141.0,0.0,0.0,Te,5.8,2024-11-23 05:03,0.0,0.0
2024-11-22 23:41:43.509000000,Te,141.0,0.0,0.0,Te,5.8,2024-11-23 05:10,0.0,0.0
2024-11-22 23:50:43.763000000,Te,141.0,0.0,0.0,Te,5.9,2024-11-23 05:17,0.0,0.0
2024-11-22 23:52:15.202000000,Ay,2.0,0.0,103.3,Ay,-0.1,2024-11-23 05:21,0.0,0.1
2024-11-22 23:56:45.330000000,Te,141.0,0.0,0.0,Te,5.8,2024-11-23 05:24,0.0,0.0
2024-11-23 00:10:12.566000000,Ay,2.0,0.0,102.7,Ay,-0.6,2024-11-23 05:41,0.0,0.1
2024-11-23 00:11:42.644000000,Te,141.0,0.0,0.0,Te,5.7,2024-11-23 05:38,0.0,0.0
2024-11-23 00:17:42.170000000,Te,141.0,0.0,0.0,Te,5.7,2024-11-23 05:45,0.0,0.0
2024-11-23 00:23:40.975000000,Te,141.0,0.0,0.0,Te,5.6,2024-11-23 05:52,0.0,0.0
2024-11-23 00:31:12.804000000,Ay,2.0,0.0,103.0,Ay,-0.5,2024-11-23 06:01,0.0,0.0
2024-11-23 00:32:43.216000000,Te,141.0,0.0,0.0,Te,5.6,2024-11-23 05:59,0.0,0.0
2024-11-23 00:38:41.721000000,Te,141.0,0.0,0.0,Te,5.6,2024-11-23 06:06,0.0,0.0
2024-11-23 00:44:43.705000000,Te,141.0,0.0,0.0,Te,5.6,2024-11-23 06:13,0.0,0.0
2024-11-23 00:52:13.038000000,Ay,2.0,0.0,104.5,Ay,-1.0,2024-11-23 06:21,0.0,0.0
2024-11-23 00:53:42.922000000,Te,141.0,0.0,0.0,Te,5.6,2024-11-23 06:20,0.0,0.0
2024-11-23 00:59:43.931000000,Te,141.0,0.0,0.0,Te,5.5,2024-11-23 06:27,0.0,0.0
2024-11-23 01:05:41.794000000,Te,141.0,0.0,0.0,Te,5.5,2024-11-23 06:34,0.0,0.0
2024-11-23 01:10:12.321000000,Ay,2.0,0.0,102.8,Ay,-0.8,2024-11-23 06:41,0.0,0.0
2024-11-23 01:14:42.865000000,Te,141.0,0.0,0.0,Te,5.5,2024-11-23 06:41,0.0,0.0
2024-11-23 01:20:41.676000000,Te,141.0,0.0,0.0,Te,5.4,2024-11-23 06:48,0.0,0.0
2024-11-23 01:26:42.960000000,Te,141.0,0.0,0.0,Te,5.4,2024-11-23 06:55,0.0,0.0
2024-11-23 01:31:11.336000000,Ay,2.0,0.0,102.5,Ay,-1.3,2024-11-23 07:01,0.0,0.0
2024-11-23 01:35:42.903000000,Te,141.0,0.0,0.0,Te,5.4,2024-11-23 07:02,0.0,0.0
2024-11-23 01:41:41.255000000,Te,141.0,0.0,0.0,Te,5.3,2024-11-23 07:09,0.0,0.0
2024-11-23 01:47:43.895000000,Te,141.0,0.0,0.0,Te,5.4,2024-11-23 07:16,0.0,0.0
2024-11-23 01:52:13.418000000,Ay,2.0,0.0,101.0,Ay,-0.9,2024-11-23 07:21,0.0,0.2
2024-11-23 01:56:43.025000000,Te,141.0,0.0,0.0,Te,5.4,2024-11-23 07:23,0.0,0.0
2024-11-23 02:02:43.036000000,Te,141.0,0.0,0.0,Te,5.4,2024-11-23 07:30,0.0,0.0
2024-11-23 02:08:41.941000000,Te,141.0,0.0,0.0,Te,5.3,2024-11-23 07:37,0.0,0.0
2024-11-23 02:10:13.111000000,Ay,2.0,0.0,102.4,Ay,-1.0,2024-11-23 07:41,0.0,0.0
2024-11-23 02:17:41.117000000,Te,141.0,0.0,0.0,Te,5.4,2024-11-23 07:44,0.0,0.0
2024-11-23 02:23:43.504000000,Te,141.0,0.0,0.0,Te,5.4,2024-11-23 07:51,0.0,0.0
2024-11-23 02:29:42.725000000,Te,141.0,0.0,0.0,Te,5.4,2024-11-23 07:58,0.0,0.0
2024-11-23 02:31:13.373000000,Ay,3.0,0.0,73.3,Ay,-0.6,2024-11-23 08:01,0.0,0.4
2024-11-23 02:38:43.193000000,Te,141.0,0.0,0.0,Te,5.4,2024-11-23 08:05,0.0,0.0
2024-11-23 02:44:43.039000000,Te,141.0,0.0,0.0,Te,5.4,2024-11-23 08:12,0.0,0.0
2024-11-23 02:50:43.285000000,Te,141.0,0.0,0.0,Te,5.5,2024-11-23 08:19,0.0,0.0
2024-11-23 02:52:13.272000000,Ay,3.0,0.0,75.7,Ay,-0.3,2024-11-23 08:21,0.0,1.6
2024-11-23 02:59:42.714000000,Te,141.0,0.0,0.0,Te,5.5,2024-11-23 08:26,0.0,0.0
2024-11-23 03:05:41.068000000,Te,141.0,0.0,0.0,Te,5.5,2024-11-23 08:33,0.0,0.0
2024-11-23 03:10:11.059000000,Ay,3.0,0.0,70.2,Ay,-0.6,2024-11-23 08:41,0.0,1.4
2024-11-23 03:11:43.527000000,Te,141.0,0.0,0.0,Te,5.6,2024-11-23 08:40,0.0,0.0
2024-11-23 03:20:43.367000000,Te,141.0,0.0,0.0,Te,5.5,2024-11-23 08:47,0.0,0.0
2024-11-23 03:26:43.137000000,Te,141.0,0.0,0.0,Te,5.6,2024-11-23 08:54,0.0,0.0
2024-11-23 03:31:12.500000000,Ay,3.0,0.0,73.8,Ay,-0.4,2024-11-23 09:01,0.0,2.2
2024-11-23 03:32:42.321000000,Te,141.0,0.0,0.0,Te,5.7,2024-11-23 09:01,0.0,0.0
2024-11-23 03:41:41.364000000,Te,141.0,0.0,0.0,Te,5.8,2024-11-23 09:08,0.0,0.0
2024-11-23 03:47:42.915000000,Te,141.0,0.0,0.0,Te,5.8,2024-11-23 09:15,0.0,0.0
2024-11-23 03:53:40.763000000,Te,141.0,0.0,0.0,Te,5.7,2024-11-23 09:22,0.0,0.0
2024-11-23 03:55:12.963000000,Ay,5.0,0.0,67.9,Ay,0.2,2024-11-23 09:21,0.0,1.1
2024-11-23 04:02:41.580000000,Te,141.0,0.0,0.0,Te,5.8,2024-11-23 09:29,0.0,0.0
2024-11-23 04:08:41.720000000,Te,141.0,0.0,0.0,Te,5.7,2024-11-23 09:36,0.0,0.0
2024-11-23 04:14:41.757000000,Te,141.0,0.0,0.0,Te,5.7,2024-11-23 09:43,0.0,0.0
2024-11-23 04:19:12.398000000,Ay,8.0,0.0,79.7,Ay,0.2,2024-11-23 09:41,0.0,1.3
2024-11-23 04:23:41.299000000,Te,141.0,0.0,0.0,Te,5.8,2024-11-23 09:50,0.0,0.0
2024-11-23 04:29:43.186000000,Te,141.0,0.0,0.0,Te,5.7,2024-11-23 09:57,0.0,0.0
2024-11-23 04:31:12.632000000,Ay,12.0,0.0,79.5,Ay,0.2,2024-11-23 10:01,0.0,1.7
2024-11-23 04:35:42.392000000,Te,141.0,0.0,0.0,Te,5.9,2024-11-23 10:04,0.0,0.0
2024-11-23 04:44:43.286000000,Te,141.0,0.0,0.0,Te,5.9,2024-11-23 10:11,0.0,0.0
2024-11-23 04:50:43.209000000,Te,141.0,0.0,0.0,Te,5.9,2024-11-23 10:18,0.0,0.0
2024-11-23 04:55:13.138000000,Ay,15.0,0.0,55.7,Ay,0.6,2024-11-23 10:21,0.0,3.4
2024-11-23 04:56:43.353000000,Te,141.0,0.0,0.0,Te,5.9,2024-11-23 10:25,0.0,0.0
2024-11-23 05:05:41.688000000,Te,141.0,0.0,0.0,Te,6.0,2024-11-23 10:32,0.0,0.0
2024-11-23 05:11:41.198000000,Te,141.0,0.0,0.0,Te,6.0,2024-11-23 10:39,0.0,0.0
2024-11-23 05:17:41.818000000,Te,141.0,0.0,0.0,Te,6.1,2024-11-23 10:46,0.0,0.0
2024-11-23 05:19:11.751000000,Ay,18.0,0.0,71.7,Ay,0.5,2024-11-23 10:41,0.0,1.9
2024-11-23 05:26:41.516000000,Te,141.0,0.0,0.0,Te,6.2,2024-11-23 10:53,0.0,0.0
2024-11-23 05:31:11.424000000,Ay,22.0,0.0,75.9,Ay,0.7,2024-11-23 11:01,0.0,2.6
2024-11-23 05:32:42.457000000,Te,141.0,0.0,0.0,Te,6.1,2024-11-23 11:00,0.0,0.0
2024-11-23 05:38:42.090000000,Te,141.0,0.0,0.0,Te,6.1,2024-11-23 11:07,0.0,0.0
2024-11-23 06:52:13.292000000,Ay,35.0,0.0,65.6,Ay,1.7,2024-11-23 12:21,0.0,0.6
2024-11-23 07:16:14.686000000,Ay,39.0,0.0,52.9,Ay,1.8,2024-11-23 12:41,0.0,0.5
2024-11-23 07:40:15.458000000,Ay,42.0,0.0,70.7,Ay,2.0,2024-11-23 13:01,0.0,0.6
2024-11-23 08:16:08.089000000,Ay,49.0,0.0,68.4,Ay,1.8,2024-11-23 13:41,0.0,1.4
2024-11-23 08:40:14.670000000,Ay,52.0,0.0,72.8,Ay,1.9,2024-11-23 14:01,0.0,2.0
2024-11-23 08:43:08.852000000,Ay,52.0,0.0,72.8,Ay,1.9,2024-11-23 14:01,0.0,2.0
2024-11-23 08:52:15.356000000,Ay,56.0,0.0,93.2,Ay,2.4,2024-11-23 14:21,0.0,0.8
2024-11-23 09:04:13.916000000,Ay,1.0,0.0,80.0,Ay,2.2,2024-11-23 14:29,0.0,1.2
2024-11-23 09:19:00.092000000,Ay,2.0,0.0,85.1,Ay,2.2,2024-11-23 14:49,0.0,0.8
2024-11-23 09:40:02.634000000,Ay,2.0,0.0,90.1,Ay,2.0,2024-11-23 15:09,0.0,1.4
2024-11-23 09:58:04.660000000,Ay,2.0,0.0,87.2,Ay,2.0,2024-11-23 15:29,0.0,1.6
2024-11-23 10:19:03.951000000,Ay,2.0,0.0,92.8,Ay,2.2,2024-11-23 15:49,0.0,0.4
2024-11-23 10:58:06.177000000,Ay,2.0,0.0,87.9,Ay,2.1,2024-11-23 16:29,0.0,1.6
2024-11-23 11:19:04.470000000,Ay,2.0,0.0,91.1,Ay,1.8,2024-11-23 16:49,0.0,3.1
2024-11-23 11:24:50.993000000,Te,2.0,0.0,0.0,Te,13.0,2024-11-23 16:15,0.0,0.0
2024-11-23 11:25:14.263000000,Te,2.0,0.0,0.0,Te,12.6,2024-11-23 16:22,0.0,0.0
2024-11-23 11:25:36.151000000,Te,2.0,0.0,0.0,Te,12.6,2024-11-23 16:22,0.0,0.0
2024-11-23 11:25:58.824000000,Te,2.0,0.0,0.0,Te,11.8,2024-11-23 16:36,0.0,0.0
2024-11-23 11:26:20.940000000,Te,3.0,0.0,0.0,Te,11.4,2024-11-23 16:43,0.0,0.0
2024-11-23 11:26:43.271000000,Te,3.0,0.0,0.0,Te,11.2,2024-11-23 16:50,0.0,0.0
2024-11-23 11:40:03.013000000,Ay,2.0,0.0,91.0,Ay,1.9,2024-11-23 17:09,0.0,2.3
2024-11-23 11:58:04.879000000,Ay,2.0,0.0,88.2,Ay,2.0,2024-11-23 17:29,0.0,0.0
2024-11-23 12:03:52.793000000,Te,3.0,0.0,0.0,Te,10.9,2024-11-23 16:57,0.0,0.0
2024-11-23 12:04:15.459000000,Te,3.0,0.0,0.0,Te,10.6,2024-11-23 17:04,0.0,0.0
2024-11-23 12:04:36.868000000,Te,3.0,0.0,0.0,Te,10.6,2024-11-23 17:04,0.0,0.0
2024-11-23 12:04:57.403000000,Te,3.0,0.0,0.0,Te,10.2,2024-11-23 17:18,0.0,0.0
2024-11-23 12:05:18.902000000,Te,4.0,0.0,0.0,Te,10.0,2024-11-23 17:25,0.0,0.0
2024-11-23 12:05:41.329000000,Te,4.0,0.0,0.0,Te,9.8,2024-11-23 17:32,0.0,0.0
2024-11-23 12:19:04.911000000,Ay,2.0,0.0,97.6,Ay,1.9,2024-11-23 17:49,0.0,0.0
2024-11-23 12:30:53.013000000,Te,4.0,0.0,0.0,Te,9.8,2024-11-23 17:39,0.0,0.0
2024-11-23 12:31:14.508000000,Te,4.0,0.0,0.0,Te,9.8,2024-11-23 17:46,0.0,0.0
2024-11-23 12:31:38.681000000,Te,4.0,0.0,0.0,Te,9.8,2024-11-23 17:46,0.0,0.0
2024-11-23 12:32:00.072000000,Te,6.0,0.0,0.0,Te,10.0,2024-11-23 18:00,0.0,0.0
2024-11-23 12:39:52.732000000,Te,6.0,0.0,0.0,Te,10.0,2024-11-23 18:07,0.0,0.0
2024-11-23 12:40:14.684000000,Ay,2.0,0.0,88.8,Ay,1.3,2024-11-23 18:09,0.0,0.6
2024-11-23 12:51:52.746000000,Te,9.0,0.0,0.0,Te,9.8,2024-11-23 18:14,0.0,0.0
2024-11-23 12:58:04.413000000,Ay,2.0,0.0,86.2,Ay,1.4,2024-11-23 18:29,0.0,0.1
2024-11-23 13:19:04.300000000,Ay,4.0,0.0,93.9,Ay,1.3,2024-11-23 18:49,0.0,0.1
2024-11-23 13:43:04.766000000,Ay,7.0,0.0,73.7,Ay,1.4,2024-11-23 19:09,0.0,0.3
2024-11-23 13:58:03.315000000,Ay,10.0,0.0,85.7,Ay,1.4,2024-11-23 19:29,0.0,0.2
2024-11-23 14:19:05.834000000,Ay,12.0,0.0,77.4,Ay,0.9,2024-11-23 19:49,0.0,0.0
2024-11-23 14:43:05.772000000,Ay,15.0,0.0,78.4,Ay,0.9,2024-11-23 20:09,0.0,0.2
2024-11-23 14:58:05.564000000,Ay,18.0,0.0,96.5,Ay,0.8,2024-11-23 20:29,0.0,1.0
2024-11-23 18:40:05.251000000,Ay,24.0,0.0,90.2,Ay,-0.3,2024-11-24 00:09,0.0,0.5
2024-11-23 18:58:05.713000000,Ay,24.0,0.0,89.1,Ay,-0.8,2024-11-24 00:29,0.0,0.2
2024-11-23 19:19:05.058000000,Ay,24.0,0.0,82.3,Ay,-1.0,2024-11-24 00:49,0.0,0.0
2024-11-23 19:40:05.423000000,Ay,24.0,0.0,89.6,Ay,-1.0,2024-11-24 01:09,0.0,0.0
2024-11-23 19:58:06.518000000,Ay,24.0,0.0,87.2,Ay,-1.0,2024-11-24 01:29,0.0,0.0
2024-11-23 20:19:03.880000000,Ay,24.0,0.0,96.5,Ay,-0.9,2024-11-24 01:49,0.0,0.0
2024-11-23 20:40:04.898000000,Ay,24.0,0.0,93.8,Ay,-0.8,2024-11-24 02:09,0.0,0.0
2024-11-23 20:58:05.803000000,Ay,24.0,0.0,90.1,Ay,-0.7,2024-11-24 02:29,0.0,0.1
2024-11-23 21:19:06.328000000,Ay,24.0,0.0,94.0,Ay,-1.0,2024-11-24 02:49,0.0,0.0
2024-11-23 21:40:03.906000000,Ay,24.0,0.0,93.5,Ay,-1.0,2024-11-24 03:09,0.0,0.0
2024-11-23 21:58:06.071000000,Ay,24.0,0.0,94.0,Ay,-1.4,2024-11-24 03:29,0.0,0.0
2024-11-23 22:19:05.299000000,Ay,24.0,0.0,90.1,Ay,-1.7,2024-11-24 03:49,0.0,0.8
2024-11-23 22:40:05.737000000,Ay,24.0,0.0,85.6,Ay,-1.2,2024-11-24 04:09,0.0,0.0
2024-11-23 22:58:05.752000000,Ay,24.0,0.0,92.3,Ay,-1.5,2024-11-24 04:29,0.0,0.0
2024-11-23 23:19:06.502000000,Ay,24.0,0.0,94.7,Ay,-1.7,2024-11-24 04:49,0.0,0.1
2024-11-23 23:40:04.648000000,Ay,24.0,0.0,88.4,Ay,-1.6,2024-11-24 05:09,0.0,0.0
2024-11-23 23:58:06.763000000,Ay,24.0,0.0,89.1,Ay,-1.6,2024-11-24 05:29,0.0,0.0
2024-11-24 00:19:05.462000000,Ay,24.0,0.0,93.4,Ay,-1.8,2024-11-24 05:49,0.0,0.0
2024-11-24 00:40:03.957000000,Ay,24.0,0.0,93.5,Ay,-1.4,2024-11-24 06:09,0.0,0.0
2024-11-24 00:58:05.535000000,Ay,24.0,0.0,92.4,Ay,-1.9,2024-11-24 06:29,0.0,0.0
2024-11-24 01:19:05.861000000,Ay,24.0,0.0,94.1,Ay,-1.7,2024-11-24 06:49,0.0,0.0
2024-11-24 01:40:05.457000000,Ay,24.0,0.0,94.6,Ay,-1.6,2024-11-24 07:09,0.0,0.1
2024-11-24 01:58:05.822000000,Ay,24.0,0.0,93.8,Ay,-1.8,2024-11-24 07:29,0.0,0.4
2024-11-24 02:19:04.876000000,Ay,24.0,0.0,94.8,Ay,-2.5,2024-11-24 07:49,0.0,0.4
2024-11-24 02:40:06.604000000,Ay,24.0,0.0,92.4,Ay,-2.5,2024-11-24 08:09,0.0,0.0
2024-11-24 02:58:05.392000000,Ay,24.0,0.0,91.5,Ay,-2.8,2024-11-24 08:29,0.0,0.0
2024-11-24 03:19:03.335000000,Ay,24.0,0.0,96.1,Ay,-2.7,2024-11-24 08:49,0.0,0.5
2024-11-24 03:40:06.275000000,Ay,24.0,0.0,96.2,Ay,-2.6,2024-11-24 09:09,0.0,0.0
2024-11-24 04:01:04.064000000,Ay,24.0,0.0,79.4,Ay,-2.5,2024-11-24 09:29,0.0,0.3
2024-11-24 04:19:03.973000000,Ay,25.0,0.0,75.4,Ay,-2.3,2024-11-24 09:49,0.0,0.1
2024-11-24 04:40:05.851000000,Ay,25.0,0.0,79.4,Ay,-1.1,2024-11-24 10:09,0.0,0.4
2024-11-24 04:58:05.038000000,Ay,25.0,0.0,76.7,Ay,-0.1,2024-11-24 10:29,0.0,3.1
2024-11-24 05:19:05.273000000,Ay,27.0,0.0,86.7,Ay,0.2,2024-11-24 10:49,0.0,2.2
2024-11-24 05:40:04.102000000,Ay,30.0,0.0,85.2,Ay,0.3,2024-11-24 11:09,0.0,1.9
2024-11-24 05:58:04.215000000,Ay,32.0,0.0,80.7,Ay,0.4,2024-11-24 11:29,0.0,2.6
2024-11-24 06:19:05.780000000,Ay,32.0,0.0,82.7,Ay,0.5,2024-11-24 11:49,0.0,1.2
2024-11-24 06:40:05.808000000,Ay,32.0,0.0,86.6,Ay,0.3,2024-11-24 12:09,0.0,0.2
2024-11-24 06:58:05.831000000,Ay,32.0,0.0,86.0,Ay,0.6,2024-11-24 12:29,0.0,0.2
2024-11-24 07:18:59.616000000,Ay,32.0,0.0,86.0,Ay,0.6,2024-11-24 12:49,0.0,0.0
2024-11-24 07:40:05.476000000,Ay,32.0,0.0,87.7,Ay,0.7,2024-11-24 13:09,0.0,1.7
2024-11-24 07:58:06.104000000,Ay,32.0,0.0,89.0,Ay,1.0,2024-11-24 13:29,0.0,1.4
2024-11-24 08:18:58.946000000,Ay,32.0,0.0,91.7,Ay,1.1,2024-11-24 13:49,0.0,1.9
2024-11-24 08:40:05.778000000,Ay,32.0,0.0,92.7,Ay,1.3,2024-11-24 14:09,0.0,2.2
2024-11-24 08:58:05.783000000,Ay,32.0,0.0,87.7,Ay,1.2,2024-11-24 14:29,0.0,0.9
2024-11-24 09:18:57.635000000,Ay,32.0,0.0,90.8,Ay,1.3,2024-11-24 14:49,0.0,3.1
2024-11-24 09:40:04.424000000,Ay,32.0,0.0,89.6,Ay,1.7,2024-11-24 15:09,0.0,2.0
2024-11-24 09:58:05.364000000,Ay,32.0,0.0,92.4,Ay,1.8,2024-11-24 15:29,0.0,2.5
2024-11-24 10:19:06.071000000,Ay,32.0,0.0,94.8,Ay,1.6,2024-11-24 15:49,0.0,1.8
2024-11-24 10:40:05.847000000,Ay,32.0,0.0,89.4,Ay,1.8,2024-11-24 16:09,0.0,4.9
2024-11-24 10:58:05.886000000,Ay,32.0,0.0,92.6,Ay,1.7,2024-11-24 16:29,0.0,4.5
2024-11-24 11:19:04.059000000,Ay,32.0,0.0,92.8,Ay,1.7,2024-11-24 16:49,0.0,4.2
2024-11-24 11:40:05.917000000,Ay,32.0,0.0,91.4,Ay,1.7,2024-11-24 17:09,0.0,0.0
2024-11-24 11:58:09.242000000,Ay,32.0,0.0,90.7,Ay,1.4,2024-11-24 17:29,0.0,1.5
2024-11-24 12:19:05.879000000,Ay,32.0,0.0,92.2,Ay,1.2,2024-11-24 17:49,0.0,2.7
2024-11-24 12:40:05.803000000,Ay,32.0,0.0,92.7,Ay,1.0,2024-11-24 18:09,0.0,2.2
2024-11-24 12:58:05.751000000,Ay,32.0,0.0,92.9,Ay,1.3,2024-11-24 18:29,0.0,1.4
2024-11-24 13:19:05.645000000,Ay,32.0,0.0,90.0,Ay,1.1,2024-11-24 18:49,0.0,1.3
2024-11-24 13:39:58.994000000,Ay,32.0,0.0,92.8,Ay,1.3,2024-11-24 19:09,0.0,2.9
2024-11-24 13:58:05.553000000,Ay,32.0,0.0,89.8,Ay,1.3,2024-11-24 19:29,0.0,2.1
2024-11-24 14:19:05.033000000,Ay,32.0,0.0,89.9,Ay,1.1,2024-11-24 19:49,0.0,1.9
2024-11-24 14:40:04.575000000,Ay,32.0,0.0,89.5,Ay,0.8,2024-11-24 20:09,0.0,2.9
2024-11-24 14:58:05.811000000,Ay,32.0,0.0,92.2,Ay,0.4,2024-11-24 20:29,0.0,1.9
2024-11-24 15:19:05.079000000,Ay,32.0,0.0,91.9,Ay,0.4,2024-11-24 20:49,0.0,0.2
2024-11-24 15:39:57.865000000,Ay,32.0,0.0,91.2,Ay,-0.2,2024-11-24 21:09,0.0,0.0
2024-11-24 15:58:05.562000000,Ay,32.0,0.0,90.5,Ay,0.4,2024-11-24 21:29,0.0,1.4
2024-11-24 16:19:05.819000000,Ay,32.0,0.0,91.8,Ay,-0.3,2024-11-24 21:49,0.0,0.1
2024-11-24 16:39:59.953000000,Ay,32.0,0.0,91.6,Ay,-0.6,2024-11-24 22:09,0.0,0.0
2024-11-24 16:58:05.968000000,Ay,32.0,0.0,97.3,Ay,-0.3,2024-11-24 22:29,0.0,0.7
2024-11-24 17:18:59.945000000,Ay,32.0,0.0,92.9,Ay,-0.5,2024-11-24 22:49,0.0,0.2
2024-11-24 17:40:05.820000000,Ay,32.0,0.0,92.8,Ay,-0.2,2024-11-24 23:09,0.0,0.0
2024-11-24 17:57:58.173000000,Ay,32.0,0.0,94.1,Ay,-0.4,2024-11-24 23:29,0.0,0.0
2024-11-24 18:18:58.968000000,Ay,32.0,0.0,93.2,Ay,-0.5,2024-11-24 23:49,0.0,0.3
2024-11-24 18:40:04.569000000,Ay,32.0,0.0,93.2,Ay,-0.8,2024-11-25 00:09,0.0,0.0
2024-11-24 18:57:58.346000000,Ay,32.0,0.0,91.2,Ay,-1.3,2024-11-25 00:29,0.0,0.1
2024-11-24 19:19:05.344000000,Ay,32.0,0.0,92.5,Ay,-1.0,2024-11-25 00:49,0.0,0.0
2024-11-24 19:40:05.380000000,Ay,32.0,0.0,92.4,Ay,-1.5,2024-11-25 01:09,0.0,0.0
2024-11-24 19:58:04.705000000,Ay,32.0,0.0,94.1,Ay,-1.2,2024-11-25 01:29,0.0,0.3
2024-11-24 20:18:58.070000000,Ay,32.0,0.0,94.2,Ay,-1.2,2024-11-25 01:49,0.0,0.0
2024-11-24 20:40:05.770000000,Ay,32.0,0.0,91.3,Ay,-1.4,2024-11-25 02:09,0.0,0.3
2024-11-24 20:58:05.373000000,Ay,32.0,0.0,92.5,Ay,-1.3,2024-11-25 02:29,0.0,1.0
2024-11-24 21:19:03.633000000,Ay,32.0,0.0,93.5,Ay,-1.5,2024-11-25 02:49,0.0,0.6
2024-11-24 21:40:05.855000000,Ay,32.0,0.0,94.8,Ay,-1.3,2024-11-25 03:09,0.0,0.3
2024-11-24 21:58:05.782000000,Ay,32.0,0.0,93.6,Ay,-1.8,2024-11-25 03:29,0.0,0.1
2024-11-24 22:19:05.396000000,Ay,32.0,0.0,91.4,Ay,-2.2,2024-11-25 03:49,0.0,0.0
2024-11-24 22:40:04.802000000,Ay,32.0,0.0,94.8,Ay,-2.0,2024-11-25 04:09,0.0,0.3
2024-11-24 22:57:59.514000000,Ay,32.0,0.0,93.8,Ay,-1.6,2024-11-25 04:29,0.0,0.0
2024-11-24 23:19:05.388000000,Ay,32.0,0.0,93.5,Ay,-1.2,2024-11-25 04:49,0.0,0.7
2024-11-24 23:40:05.942000000,Ay,32.0,0.0,93.9,Ay,-1.7,2024-11-25 05:09,0.0,0.4
2024-11-24 23:58:05.694000000,Ay,32.0,0.0,94.0,Ay,-2.1,2024-11-25 05:29,0.0,2.0
2024-11-25 00:19:00.238000000,Ay,32.0,0.0,93.1,Ay,-1.7,2024-11-25 05:49,0.0,1.3
2024-11-25 00:40:04.482000000,Ay,32.0,0.0,95.0,Ay,-1.7,2024-11-25 06:09,0.0,0.4
2024-11-25 00:58:05.070000000,Ay,32.0,0.0,96.8,Ay,-2.5,2024-11-25 06:29,0.0,0.0
2024-11-25 01:19:04.439000000,Ay,32.0,0.0,94.6,Ay,-2.8,2024-11-25 06:49,0.0,0.0
2024-11-25 01:39:59.650000000,Ay,32.0,0.0,92.7,Ay,-2.6,2024-11-25 07:09,0.0,0.1
2024-11-25 01:57:58.918000000,Ay,32.0,0.0,93.5,Ay,-2.0,2024-11-25 07:29,0.0,0.9
2024-11-25 02:18:59.059000000,Ay,32.0,0.0,89.5,Ay,-1.8,2024-11-25 07:49,0.0,0.3
2024-11-25 02:39:57.984000000,Ay,32.0,0.0,94.2,Ay,-1.0,2024-11-25 08:09,0.0,0.2
2024-11-25 02:58:00.386000000,Ay,32.0,0.0,91.1,Ay,-0.6,2024-11-25 08:29,0.0,1.8
2024-11-25 03:18:59.902000000,Ay,32.0,0.0,89.4,Ay,-1.0,2024-11-25 08:49,0.0,2.9
2024-11-25 03:40:05.744000000,Ay,32.0,0.0,90.6,Ay,-0.4,2024-11-25 09:09,0.0,2.5
2024-11-25 03:57:58.089000000,Ay,32.0,0.0,93.0,Ay,-0.3,2024-11-25 09:29,0.0,3.0
2024-11-25 04:19:00.167000000,Ay,32.0,0.0,94.8,Ay,-0.2,2024-11-25 09:49,0.0,2.2
2024-11-25 04:40:05.727000000,Ay,32.0,0.0,93.5,Ay,0.2,2024-11-25 10:09,0.0,4.4
2024-11-25 04:58:00.321000000,Ay,32.0,0.0,90.1,Ay,0.3,2024-11-25 10:29,0.0,3.3
2024-11-25 05:19:05.981000000,Ay,32.0,0.0,91.1,Ay,0.9,2024-11-25 10:49,0.0,2.4
2024-11-25 05:40:05.822000000,Ay,32.0,0.0,90.0,Ay,1.0,2024-11-25 11:09,0.0,1.1
2024-11-25 05:58:05.406000000,Ay,32.0,0.0,91.1,Ay,1.5,2024-11-25 11:29,0.0,1.9
2024-11-25 06:18:59.817000000,Ay,32.0,0.0,88.9,Ay,1.9,2024-11-25 11:49,0.0,1.3
2024-11-25 06:40:06.042000000,Ay,32.0,0.0,89.8,Ay,2.0,2024-11-25 12:09,0.0,0.9
2024-11-25 06:58:05.889000000,Ay,34.0,0.0,78.6,Ay,2.0,2024-11-25 12:29,0.0,2.8
2024-11-25 07:19:05.366000000,Ay,34.0,0.0,81.9,Ay,1.9,2024-11-25 12:49,0.0,1.9
2024-11-25 07:39:58.678000000,Ay,34.0,0.0,78.7,Ay,2.3,2024-11-25 13:09,0.0,1.0
2024-11-25 08:02:16.452000000,Ay,1.0,0.0,96.9,Ay,2.5,2024-11-25 13:27,0.0,0.8
2024-11-25 08:17:05.704000000,Ay,2.0,0.0,80.6,Ay,2.2,2024-11-25 13:47,0.0,3.3
2024-11-25 08:38:04.282000000,Ay,2.0,0.0,80.2,Ay,2.2,2024-11-25 14:07,0.0,2.8
2024-11-25 08:56:04.489000000,Ay,2.0,0.0,82.9,Ay,2.2,2024-11-25 14:27,0.0,2.5
2024-11-25 09:17:05.614000000,Ay,2.0,0.0,87.5,Ay,2.3,2024-11-25 14:47,0.0,2.3
2024-11-25 09:38:05.900000000,Ay,2.0,0.0,86.2,Ay,2.1,2024-11-25 15:07,0.0,1.6
2024-11-25 09:56:05.288000000,Ay,2.0,0.0,86.7,Ay,2.1,2024-11-25 15:27,0.0,1.6
2024-11-25 10:17:05.867000000,Ay,2.0,0.0,82.7,Ay,2.1,2024-11-25 15:47,0.0,2.5
2024-11-25 10:38:04.921000000,Ay,2.0,0.0,82.2,Ay,2.2,2024-11-25 16:07,0.0,2.5
2024-11-25 10:59:03.405000000,Ay,3.0,0.0,83.1,Ay,1.7,2024-11-25 16:27,0.0,2.2
2024-11-25 11:17:05.298000000,Ay,6.0,0.0,87.0,Ay,1.6,2024-11-25 16:47,0.0,1.8
2024-11-25 11:41:06.209000000,Ay,7.0,0.0,78.4,Ay,1.4,2024-11-25 17:07,0.0,3.6
2024-11-25 11:56:05.902000000,Ay,10.0,0.0,78.1,Ay,1.5,2024-11-25 17:27,0.0,1.1
2024-11-25 12:20:06.118000000,Ay,11.0,0.0,77.4,Ay,1.1,2024-11-25 17:47,0.0,2.8
2024-11-25 12:38:04.505000000,Ay,14.0,0.0,80.9,Ay,1.4,2024-11-25 18:07,0.0,0.2
2024-11-25 13:05:05.256000000,Ay,16.0,0.0,81.0,Ay,0.8,2024-11-25 18:27,0.0,0.1
2024-11-25 13:17:05.865000000,Ay,18.0,0.0,83.9,Ay,0.6,2024-11-25 18:47,0.0,1.7
2024-11-25 13:38:06.208000000,Ay,20.0,0.0,76.7,Ay,0.7,2024-11-25 19:07,0.0,2.4
2024-11-25 13:56:05.701000000,Ay,22.0,0.0,78.8,Ay,0.6,2024-11-25 19:27,0.0,1.2
2024-11-25 14:23:06.189000000,Ay,24.0,0.0,92.2,Ay,0.6,2024-11-25 19:47,0.0,2.7
2024-11-25 14:38:05.888000000,Ay,27.0,0.0,101.8,Ay,1.0,2024-11-25 20:07,0.0,2.7
2024-11-25 15:02:04.552000000,Ay,30.0,0.0,81.4,Ay,-0.2,2024-11-25 20:27,0.0,1.1
2024-11-25 15:17:04.487000000,Ay,32.0,0.0,88.1,Ay,-0.1,2024-11-25 20:47,0.0,1.1
2024-11-25 15:38:06.046000000,Ay,33.0,0.0,77.5,Ay,-0.1,2024-11-25 21:07,0.0,0.7
2024-11-25 15:56:05.427000000,Ay,33.0,0.0,82.8,Ay,-0.4,2024-11-25 21:27,0.0,0.0
2024-11-25 16:17:06.199000000,Ay,33.0,0.0,80.9,Ay,-0.5,2024-11-25 21:47,0.0,0.0
2024-11-25 16:38:06.054000000,Ay,33.0,0.0,79.0,Ay,-0.5,2024-11-25 22:07,0.0,0.2
2024-11-25 16:56:05.936000000,Ay,33.0,0.0,76.8,Ay,-0.7,2024-11-25 22:27,0.0,0.0
2024-11-25 17:17:04.222000000,Ay,33.0,0.0,77.8,Ay,-1.1,2024-11-25 22:47,0.0,1.0
2024-11-25 17:38:06.825000000,Ay,33.0,0.0,79.4,Ay,-0.7,2024-11-25 23:07,0.0,0.3
2024-11-25 17:56:06.323000000,Ay,33.0,0.0,77.5,Ay,-1.1,2024-11-25 23:27,0.0,0.4
2024-11-25 18:17:05.804000000,Ay,33.0,0.0,74.0,Ay,-1.5,2024-11-25 23:47,0.0,0.3
2024-11-25 18:38:05.458000000,Ay,33.0,0.0,65.6,Ay,-1.3,2024-11-26 00:07,0.0,0.1
2024-11-25 18:56:05.982000000,Ay,33.0,0.0,67.4,Ay,-1.7,2024-11-26 00:27,0.0,1.1
2024-11-25 19:17:06.236000000,Ay,33.0,0.0,65.3,Ay,-1.7,2024-11-26 00:47,0.0,0.0
2024-11-25 19:38:06.055000000,Ay,33.0,0.0,69.0,Ay,-2.1,2024-11-26 01:07,0.0,0.8
2024-11-25 19:56:03.903000000,Ay,33.0,0.0,60.4,Ay,-1.5,2024-11-26 01:27,0.0,0.9
2024-11-25 20:17:06.192000000,Ay,33.0,0.0,47.3,Ay,-2.1,2024-11-26 01:47,0.0,0.1
2024-11-25 20:44:06.363000000,Ay,34.0,0.0,61.4,Ay,-1.6,2024-11-26 02:07,0.0,1.1
2024-11-25 20:56:04.859000000,Ay,35.0,0.0,52.6,Ay,-1.2,2024-11-26 02:27,0.0,0.7
2024-11-25 21:17:04.461000000,Ay,35.0,0.0,48.8,Ay,-1.7,2024-11-26 02:47,0.0,1.5
2024-11-25 21:38:06.605000000,Ay,35.0,0.0,35.2,Ay,-2.8,2024-11-26 03:07,0.0,0.0
2024-11-25 21:56:03.947000000,Ay,35.0,0.0,45.8,Ay,-2.6,2024-11-26 03:27,0.0,0.5
2024-11-25 22:17:05.480000000,Ay,35.0,0.0,55.0,Ay,-3.4,2024-11-26 03:47,0.0,0.0
2024-11-25 22:38:04.735000000,Ay,35.0,0.0,49.0,Ay,-3.5,2024-11-26 04:07,0.0,0.0
2024-11-25 22:56:03.623000000,Ay,35.0,0.0,50.0,Ay,-3.0,2024-11-26 04:27,0.0,0.1
2024-11-25 23:17:04.625000000,Ay,35.0,0.0,52.0,Ay,-3.4,2024-11-26 04:47,0.0,0.0
2024-11-25 23:38:05.181000000,Ay,35.0,0.0,54.4,Ay,-4.0,2024-11-26 05:07,0.0,0.0
2024-11-25 23:56:04.310000000,Ay,35.0,0.0,44.8,Ay,-3.8,2024-11-26 05:27,0.0,0.1
2024-11-26 00:17:04.542000000,Ay,35.0,0.0,53.4,Ay,-4.0,2024-11-26 05:47,0.0,0.2
2024-11-26 00:38:03.698000000,Ay,35.0,0.0,53.8,Ay,-4.2,2024-11-26 06:07,0.0,0.0
2024-11-26 00:56:06.108000000,Ay,35.0,0.0,65.2,Ay,-4.3,2024-11-26 06:27,0.0,0.0
2024-11-26 01:17:05.321000000,Ay,35.0,0.0,63.9,Ay,-3.8,2024-11-26 06:47,0.0,0.3
2024-11-26 01:38:03.884000000,Ay,35.0,0.0,58.3,Ay,-3.6,2024-11-26 07:07,0.0,0.8
2024-11-26 01:56:04.439000000,Ay,37.0,0.0,56.4,Ay,-3.6,2024-11-26 07:27,0.0,0.0
2024-11-26 02:17:05.606000000,Ay,37.0,0.0,49.0,Ay,-4.0,2024-11-26 07:47,0.0,0.1
2024-11-26 02:38:06.249000000,Ay,37.0,0.0,49.3,Ay,-3.4,2024-11-26 08:07,0.0,0.3
2024-11-26 02:56:06.253000000,Ay,37.0,0.0,53.7,Ay,-2.8,2024-11-26 08:27,0.0,2.0
2024-11-26 03:17:06.383000000,Ay,37.0,0.0,55.9,Ay,-1.5,2024-11-26 08:47,0.0,0.0
2024-11-26 03:38:05.362000000,Ay,37.0,0.0,72.4,Ay,-0.7,2024-11-26 09:07,0.0,0.0
2024-11-26 03:56:06.027000000,Ay,39.0,0.0,47.1,Ay,-0.4,2024-11-26 09:27,0.0,0.1
2024-11-26 04:17:05.640000000,Ay,39.0,0.0,65.8,Ay,-1.6,2024-11-26 09:47,0.0,3.1
2024-11-26 04:38:05.017000000,Ay,39.0,0.0,71.8,Ay,-0.6,2024-11-26 10:07,0.0,4.3
2024-11-26 04:56:04.410000000,Ay,39.0,0.0,70.1,Ay,-0.2,2024-11-26 10:27,0.0,3.5
2024-11-26 05:17:06.020000000,Ay,40.0,0.0,85.2,Ay,-0.1,2024-11-26 10:47,0.0,1.6
2024-11-26 05:41:06.926000000,Ay,41.0,0.0,75.4,Ay,0.3,2024-11-26 11:07,0.0,0.0
2024-11-26 05:56:06.691000000,Ay,44.0,0.0,92.7,Ay,0.5,2024-11-26 11:27,0.0,1.1
2024-11-26 06:17:06.110000000,Ay,46.0,0.0,86.7,Ay,0.5,2024-11-26 11:47,0.0,0.1
2024-11-26 06:41:05.938000000,Ay,49.0,0.0,64.7,Ay,1.0,2024-11-26 12:07,0.0,0.4
2024-11-26 06:59:06.669000000,Ay,51.0,0.0,60.5,Ay,1.4,2024-11-26 12:27,0.0,0.2
2024-11-26 07:17:06.372000000,Ay,54.0,0.0,83.6,Ay,1.5,2024-11-26 12:47,0.0,0.5
2024-11-26 07:44:04.500000000,Ay,56.0,0.0,86.2,Ay,1.5,2024-11-26 13:07,0.0,0.4
2024-11-26 07:56:06.206000000,Ay,60.0,0.0,86.8,Ay,2.6,2024-11-26 13:27,0.0,0.0
2024-11-26 08:23:05.564000000,Ay,63.0,0.0,72.4,Ay,2.2,2024-11-26 13:47,0.0,0.1
2024-11-26 08:44:04.563000000,Ay,64.0,0.0,76.0,Ay,1.7,2024-11-26 14:07,0.0,0.0
2024-11-26 08:56:06.284000000,Ay,66.0,0.0,87.8,Ay,1.6,2024-11-26 14:27,0.0,0.0
2024-11-26 09:23:06.239000000,Ay,68.0,0.0,72.4,Ay,1.6,2024-11-26 14:47,0.0,0.0
2024-11-26 09:41:04.924000000,Ay,71.0,0.0,75.4,Ay,1.5,2024-11-26 15:07,0.0,0.0
2024-11-26 09:56:06.574000000,Ay,74.0,0.0,78.3,Ay,1.3,2024-11-26 15:27,0.0,0.0
2024-11-26 10:17:06.500000000,Ay,76.0,0.0,88.9,Ay,1.1,2024-11-26 15:47,0.0,0.0
2024-11-26 10:38:04.131000000,Ay,78.0,0.0,87.3,Ay,1.2,2024-11-26 16:07,0.0,0.3
2024-11-26 11:05:05.513000000,Ay,80.0,0.0,76.8,Ay,1.0,2024-11-26 16:27,0.0,0.0
2024-11-26 11:17:04.923000000,Ay,82.0,0.0,87.8,Ay,0.5,2024-11-26 16:47,0.0,0.5
2024-11-26 11:24:23.806000000,Li,1.0,0.0,0.0,Li,-1.2,2024-11-26 15:16,-0.2,1.0
2024-11-26 11:47:06.443000000,Ay,84.0,0.0,94.2,Ay,0.9,2024-11-26 17:07,0.0,1.2
2024-11-26 11:56:05.239000000,Ay,86.0,0.0,86.3,Ay,0.7,2024-11-26 17:27,0.0,0.0
2024-11-26 11:57:58.727000000,Li,1.0,0.0,357.1,Li,-2.1,2024-11-26 15:50,-1.7,0.0
2024-11-26 12:09:44.382000000,Li,1.0,0.0,358.2,Li,-2.3,2024-11-26 16:01,-49.4,0.1
2024-11-26 12:26:05.471000000,Ay,88.0,0.0,75.6,Ay,0.3,2024-11-26 17:47,0.0,0.4
2024-11-26 12:30:11.377000000,Li,1.0,0.0,360.2,Li,-3.0,2024-11-26 16:21,0.0,0.4
2024-11-26 12:38:04.929000000,Ay,90.0,0.0,86.0,Ay,-0.1,2024-11-26 18:07,0.0,0.5
2024-11-26 12:48:42.163000000,Li,1.0,0.0,53.4,Li,-3.2,2024-11-26 16:40,0.0,0.0
2024-11-26 12:56:06.684000000,Ay,92.0,0.0,84.3,Ay,0.6,2024-11-26 18:27,0.0,0.5
2024-11-26 13:03:36.652000000,Li,3.0,0.0,52.0,Li,-3.5,2024-11-26 17:00,0.0,0.0
2024-11-26 13:17:05.788000000,Ay,94.0,0.0,85.8,Ay,0.2,2024-11-26 18:47,0.0,0.5
2024-11-26 13:41:06.260000000,Ay,95.0,0.0,72.8,Ay,0.4,2024-11-26 19:07,0.0,1.5
2024-11-26 14:05:07.027000000,Ay,96.0,0.0,76.7,Ay,0.5,2024-11-26 19:27,0.0,0.0
2024-11-26 14:23:06.109000000,Ay,98.0,0.0,92.5,Ay,0.1,2024-11-26 19:47,0.0,1.5
2024-11-26 14:38:04.262000000,Ay,99.0,0.0,66.1,Ay,-0.4,2024-11-26 20:07,0.0,0.0
2024-11-26 14:56:06.087000000,Ay,99.0,0.0,71.6,Ay,-0.4,2024-11-26 20:27,0.0,0.1
2024-11-26 15:23:05.774000000,Ay,99.0,0.0,72.4,Ay,-0.2,2024-11-26 20:47,0.0,1.4
2024-11-26 15:38:05.863000000,Ay,100.0,0.0,86.7,Ay,-0.1,2024-11-26 21:07,0.0,0.0
2024-11-26 15:56:05.773000000,Ay,102.0,0.0,82.5,Ay,0.0,2024-11-26 21:27,0.0,1.3
2024-11-26 18:38:04.836000000,Ay,103.0,0.0,77.0,Ay,-1.5,2024-11-27 00:07,0.0,0.2
2024-11-26 18:56:05.466000000,Ay,103.0,0.0,66.9,Ay,-1.9,2024-11-27 00:27,0.0,2.4
2024-11-26 19:17:06.030000000,Ay,103.0,0.0,68.2,Ay,-1.6,2024-11-27 00:47,0.0,1.0
2024-11-26 19:38:04.702000000,Ay,103.0,0.0,65.8,Ay,-2.3,2024-11-27 01:07,0.0,2.7
2024-11-26 19:56:06.148000000,Ay,103.0,0.0,58.9,Ay,-1.7,2024-11-27 01:27,0.0,1.3
2024-11-26 20:17:04.232000000,Ay,103.0,0.0,40.6,Ay,-2.0,2024-11-27 01:47,0.0,2.1
2024-11-26 20:38:04.371000000,Ay,103.0,0.0,55.7,Ay,-2.4,2024-11-27 02:07,0.0,1.4
2024-11-26 20:56:06.232000000,Ay,103.0,0.0,51.9,Ay,-1.7,2024-11-27 02:27,0.0,1.2
2024-11-26 21:23:06.209000000,Ay,103.0,0.0,59.7,Ay,-1.5,2024-11-27 02:47,0.0,0.4
2024-11-26 21:38:05.363000000,Ay,105.0,0.0,59.9,Ay,-3.0,2024-11-27 03:07,0.0,0.5
2024-11-26 21:56:04.544000000,Ay,105.0,0.0,58.7,Ay,-3.1,2024-11-27 03:27,0.0,0.1
2024-11-26 22:17:05.494000000,Ay,105.0,0.0,65.7,Ay,-2.8,2024-11-27 03:47,0.0,0.3
2024-11-26 22:38:06.361000000,Ay,105.0,0.0,66.3,Ay,-2.6,2024-11-27 04:07,0.0,1.2
2024-11-26 22:56:04.719000000,Ay,105.0,0.0,68.4,Ay,-2.9,2024-11-27 04:27,0.0,0.6
2024-11-26 23:17:06.461000000,Ay,105.0,0.0,61.4,Ay,-3.1,2024-11-27 04:47,0.0,1.9
2024-11-26 23:38:05.803000000,Ay,105.0,0.0,64.0,Ay,-3.3,2024-11-27 05:07,0.0,0.0
2024-11-26 23:56:04.484000000,Ay,105.0,0.0,70.3,Ay,-3.2,2024-11-27 05:27,0.0,0.4
2024-11-27 00:17:05.739000000,Ay,105.0,0.0,59.7,Ay,-2.9,2024-11-27 05:47,0.0,0.8
2024-11-27 00:38:05.938000000,Ay,105.0,0.0,68.5,Ay,-3.8,2024-11-27 06:07,0.0,0.9
2024-11-27 00:56:06.294000000,Ay,105.0,0.0,62.3,Ay,-4.5,2024-11-27 06:27,0.0,0.1
2024-11-27 01:17:06.125000000,Ay,105.0,0.0,63.5,Ay,-4.0,2024-11-27 06:47,0.0,0.0
2024-11-27 01:38:04.092000000,Ay,105.0,0.0,66.6,Ay,-3.8,2024-11-27 07:07,0.0,0.7
2024-11-27 01:56:05.661000000,Ay,105.0,0.0,67.8,Ay,-4.7,2024-11-27 07:27,0.0,0.0
2024-11-27 02:17:04.973000000,Ay,105.0,0.0,50.4,Ay,-5.3,2024-11-27 07:47,0.0,1.0
2024-11-27 02:44:06.153000000,Ay,106.0,0.0,60.2,Ay,-3.8,2024-11-27 08:07,0.0,0.7
2024-11-27 02:56:05.225000000,Ay,107.0,0.0,41.0,Ay,-2.4,2024-11-27 08:27,0.0,0.3
2024-11-27 03:17:05.489000000,Ay,107.0,0.0,49.4,Ay,-3.0,2024-11-27 08:47,0.0,1.8
2024-11-27 03:38:06.279000000,Ay,107.0,0.0,64.7,Ay,-2.0,2024-11-27 09:07,0.0,0.2
2024-11-27 03:56:04.858000000,Ay,107.0,0.0,64.1,Ay,-1.8,2024-11-27 09:27,0.0,2.3
2024-11-27 04:17:04.679000000,Ay,107.0,0.0,60.3,Ay,-1.5,2024-11-27 09:47,0.0,4.3
2024-11-27 04:38:06.140000000,Ay,107.0,0.0,58.8,Ay,-1.2,2024-11-27 10:07,0.0,3.2
2024-11-27 04:56:06.255000000,Ay,107.0,0.0,47.0,Ay,-0.6,2024-11-27 10:27,0.0,3.5
2024-11-27 05:17:04.568000000,Ay,107.0,0.0,49.0,Ay,-0.5,2024-11-27 10:47,0.0,2.8
2024-11-27 05:27:47.667000000,Li,1.0,0.0,49.0,Li,-2.5,2024-11-27 09:19,19.4,1.1
2024-11-27 05:38:04.155000000,Ay,107.0,0.0,54.4,Ay,-0.2,2024-11-27 11:07,0.0,1.3
2024-11-27 05:47:30.533000000,Li,1.0,0.0,53.3,Li,-1.8,2024-11-27 09:39,0.1,0.4
2024-11-27 05:58:34.079000000,Li,1.0,0.0,50.3,Li,-2.0,2024-11-27 09:50,4.5,1.8
2024-11-27 06:02:06.486000000,Ay,108.0,0.0,60.5,Ay,-0.3,2024-11-27 11:27,0.0,0.8
2024-11-27 06:13:22.974000000,Li,2.0,0.0,53.3,Li,-1.7,2024-11-27 10:10,9.7,1.3
2024-11-27 06:20:05.954000000,Ay,110.0,0.0,64.3,Ay,-0.1,2024-11-27 11:47,0.0,0.7
2024-11-27 06:34:24.690000000,Li,3.0,0.0,44.9,Li,-1.4,2024-11-27 10:30,-51.1,0.4
2024-11-27 06:41:06.306000000,Ay,113.0,0.0,55.9,Ay,0.4,2024-11-27 12:07,0.0,0.2
2024-11-27 06:51:23.723000000,Li,1.0,0.0,12.2,Li,-0.6,2024-11-27 10:43,2.4,0.5
2024-11-27 06:56:06.186000000,Ay,115.0,0.0,69.5,Ay,0.5,2024-11-27 12:27,0.0,0.0
2024-11-27 07:06:11.217000000,Li,2.0,0.0,12.3,Li,-0.4,2024-11-27 11:03,2.5,0.9
2024-11-27 07:17:06.226000000,Ay,118.0,0.0,77.5,Ay,0.5,2024-11-27 12:47,0.0,0.8
2024-11-27 07:32:42.145000000,Li,1.0,0.0,9.0,Li,0.0,2024-11-27 11:24,2.6,0.1
2024-11-27 07:41:05.960000000,Ay,121.0,0.0,54.4,Ay,1.0,2024-11-27 13:07,0.0,0.0
2024-11-27 07:50:42.157000000,Li,1.0,0.0,9.0,Li,0.3,2024-11-27 11:42,2.6,1.8
2024-11-27 07:56:05.836000000,Ay,124.0,0.0,79.8,Ay,1.1,2024-11-27 13:27,0.0,0.4
2024-11-27 08:26:06.341000000,Ay,126.0,0.0,63.1,Ay,1.0,2024-11-27 13:47,0.0,0.1
2024-11-27 08:38:06.929000000,Ay,129.0,0.0,56.8,Ay,0.9,2024-11-27 14:07,0.0,0.0
2024-11-27 08:56:06.287000000,Ay,132.0,0.0,67.9,Ay,0.6,2024-11-27 14:27,0.0,0.0
2024-11-27 09:00:52.733000000,Li,1.0,0.0,1.1,Li,0.8,2024-11-27 12:52,2.4,1.1
2024-11-27 09:18:40.213000000,Li,3.0,0.0,1.1,Li,0.8,2024-11-27 13:12,2.4,3.5
2024-11-27 09:23:05.019000000,Ay,135.0,0.0,61.6,Ay,0.7,2024-11-27 14:47,0.0,0.2
2024-11-27 09:36:42.632000000,Li,6.0,0.0,3.3,Li,1.2,2024-11-27 13:32,2.3,1.9
2024-11-27 09:38:06.289000000,Ay,137.0,0.0,71.6,Ay,0.6,2024-11-27 15:07,0.0,0.2
2024-11-27 09:52:23.433000000,Li,1.0,0.0,8.9,Li,1.4,2024-11-27 15:14,2.2,2.0
2024-11-27 10:05:05.846000000,Ay,140.0,0.0,53.8,Ay,0.5,2024-11-27 15:27,0.0,0.0
2024-11-27 10:07:10.985000000,Li,3.0,0.0,1.1,Li,1.1,2024-11-27 15:34,2.1,2.9
2024-11-27 10:20:05.836000000,Ay,143.0,0.0,49.4,Ay,0.2,2024-11-27 15:47,0.0,0.3
2024-11-27 10:47:06.009000000,Ay,146.0,0.0,58.3,Ay,0.2,2024-11-27 16:07,0.0,0.5
2024-11-27 10:56:24.084000000,Li,1.0,0.0,1.1,Li,0.6,2024-11-27 16:18,2.0,2.1
2024-11-27 10:59:06.291000000,Ay,149.0,0.0,55.1,Ay,0.1,2024-11-27 16:27,0.0,0.0
2024-11-27 11:07:47.832000000,Li,1.0,0.0,9.0,Li,0.4,2024-11-27 16:30,1.9,2.0
2024-11-27 11:17:06.610000000,Ay,152.0,0.0,66.7,Ay,0.0,2024-11-27 16:47,0.0,1.1
2024-11-27 11:24:42.800000000,Li,1.0,0.0,8.9,Li,-1.6,2024-11-27 16:47,1.5,2.1
2024-11-27 11:38:06.310000000,Ay,153.0,0.0,34.6,Ay,-0.7,2024-11-27 17:07,0.0,1.3
2024-11-27 11:45:30.138000000,Li,3.0,0.0,1.2,Li,-2.2,2024-11-27 17:07,1.5,0.6
2024-11-27 12:00:30.029000000,Li,4.0,0.0,9.0,Li,-2.9,2024-11-27 17:27,1.4,0.0
2024-11-27 12:02:06.709000000,Ay,155.0,0.0,56.4,Ay,0.3,2024-11-27 17:27,0.0,0.6
2024-11-27 12:17:06.176000000,Ay,158.0,0.0,65.2,Ay,0.2,2024-11-27 17:47,0.0,0.9
2024-11-27 12:18:28.708000000,Li,4.0,0.0,8.9,Li,-3.2,2024-11-27 17:47,1.4,0.2
2024-11-27 12:39:30.168000000,Li,4.0,0.0,9.0,Li,-3.6,2024-11-27 18:07,1.3,0.0
2024-11-27 12:41:04.377000000,Ay,161.0,0.0,48.0,Ay,0.2,2024-11-27 18:07,0.0,0.2
2024-11-27 12:56:06.624000000,Ay,163.0,0.0,45.9,Ay,-0.1,2024-11-27 18:27,0.0,2.2
2024-11-27 13:00:28.869000000,Li,4.0,0.0,8.9,Li,-4.5,2024-11-27 18:27,1.3,0.8
2024-11-27 13:17:06.291000000,Ay,163.0,0.0,36.8,Ay,-0.4,2024-11-27 18:47,0.0,2.6
2024-11-27 13:18:29.443000000,Li,4.0,0.0,9.0,Li,-4.5,2024-11-27 18:47,1.2,1.6
2024-11-27 13:38:05.860000000,Ay,163.0,0.0,42.9,Ay,-0.1,2024-11-27 19:07,0.0,1.6
2024-11-27 13:39:30.747000000,Li,4.0,0.0,9.0,Li,-4.6,2024-11-27 19:07,1.2,1.1
2024-11-27 14:00:30.266000000,Li,4.0,0.0,8.9,Li,-4.5,2024-11-27 19:27,1.2,1.3
2024-11-27 14:05:04.598000000,Ay,164.0,0.0,52.7,Ay,0.3,2024-11-27 19:27,0.0,1.4
2024-11-27 14:18:29.770000000,Li,4.0,0.0,9.0,Li,-4.8,2024-11-27 19:47,1.2,1.2
2024-11-27 14:20:05.315000000,Ay,167.0,0.0,40.9,Ay,0.2,2024-11-27 19:47,0.0,2.8
2024-11-27 14:38:06.745000000,Ay,169.0,0.0,38.5,Ay,-0.9,2024-11-27 20:07,0.0,2.7
2024-11-27 14:39:30.206000000,Li,4.0,0.0,9.0,Li,-4.8,2024-11-27 20:07,1.2,1.2
2024-11-27 14:56:07.079000000,Ay,169.0,0.0,43.6,Ay,-0.6,2024-11-27 20:27,0.0,3.6
2024-11-27 15:00:30.452000000,Li,4.0,0.0,9.0,Li,-5.2,2024-11-27 20:27,1.1,1.8
2024-11-27 15:17:04.334000000,Ay,169.0,0.0,29.8,Ay,-0.6,2024-11-27 20:47,0.0,4.4
2024-11-27 15:18:30.564000000,Li,4.0,0.0,9.0,Li,-5.3,2024-11-27 20:47,1.1,1.0
2024-11-27 15:38:04.378000000,Ay,169.0,0.0,32.5,Ay,-1.2,2024-11-27 21:07,0.0,3.1
2024-11-27 15:39:28.548000000,Li,4.0,0.0,8.9,Li,-5.8,2024-11-27 21:07,1.1,2.0
2024-11-27 15:56:06.195000000,Ay,169.0,0.0,43.7,Ay,-1.7,2024-11-27 21:27,0.0,3.7
2024-11-27 16:00:29.581000000,Li,4.0,0.0,8.9,Li,-5.7,2024-11-27 21:27,1.1,2.5
2024-11-27 16:17:06.248000000,Ay,169.0,0.0,40.2,Ay,-0.8,2024-11-27 21:47,0.0,2.0
2024-11-27 16:18:30.122000000,Li,4.0,0.0,8.9,Li,-6.0,2024-11-27 21:47,1.1,2.7
2024-11-27 16:39:29.720000000,Li,4.0,0.0,8.9,Li,-5.9,2024-11-27 22:07,1.1,1.5
2024-11-27 17:00:28.844000000,Li,4.0,0.0,8.9,Li,-5.9,2024-11-27 22:27,1.1,2.5
2024-11-27 17:18:31.311000000,Li,4.0,0.0,9.0,Li,-6.5,2024-11-27 22:47,1.1,0.7
2024-11-27 17:39:29.547000000,Li,4.0,0.0,8.9,Li,-6.5,2024-11-27 23:07,1.0,1.4
2024-11-27 18:00:30.235000000,Li,4.0,0.0,8.9,Li,-6.7,2024-11-27 23:27,1.0,2.5
2024-11-27 18:18:28.923000000,Li,4.0,0.0,8.9,Li,-6.3,2024-11-27 23:47,1.0,1.0
2024-11-27 18:38:06.104000000,Ay,169.0,0.0,43.5,Ay,-1.4,2024-11-28 00:07,0.0,0.0
2024-11-27 18:39:29.763000000,Li,4.0,0.0,8.9,Li,-6.8,2024-11-28 00:07,1.1,2.3
2024-11-27 18:56:04.383000000,Ay,169.0,0.0,44.5,Ay,-2.5,2024-11-28 00:27,0.0,0.1
2024-11-27 19:00:30.006000000,Li,4.0,0.0,8.9,Li,-6.8,2024-11-28 00:27,1.0,2.7
2024-11-27 19:17:04.312000000,Ay,169.0,0.0,54.4,Ay,-2.5,2024-11-28 00:47,0.0,2.1
2024-11-27 19:18:30.219000000,Li,4.0,0.0,9.0,Li,-7.1,2024-11-28 00:47,1.1,0.8
2024-11-27 19:39:29.838000000,Li,4.0,0.0,8.9,Li,-7.2,2024-11-28 01:07,1.0,2.8
2024-11-27 19:41:04.868000000,Ay,170.0,0.0,48.5,Ay,-2.8,2024-11-28 01:07,0.0,0.1
2024-11-27 19:56:06.108000000,Ay,171.0,0.0,43.1,Ay,-3.2,2024-11-28 01:27,0.0,0.0
2024-11-27 20:00:30.080000000,Li,4.0,0.0,9.0,Li,-6.9,2024-11-28 01:27,1.0,1.5
2024-11-27 20:17:06.215000000,Ay,171.0,0.0,52.8,Ay,-3.4,2024-11-28 01:47,0.0,0.0
2024-11-27 20:18:30.288000000,Li,4.0,0.0,9.7,Li,-7.4,2024-11-28 01:47,1.0,0.9
2024-11-27 20:38:04.613000000,Ay,171.0,0.0,48.6,Ay,-3.3,2024-11-28 02:07,0.0,0.4
2024-11-27 20:39:30.420000000,Li,5.0,0.0,10.2,Li,-7.6,2024-11-28 02:07,1.1,1.8
2024-11-27 20:56:05.596000000,Ay,171.0,0.0,41.5,Ay,-2.9,2024-11-28 02:27,0.0,0.4
2024-11-27 21:00:30.759000000,Li,5.0,0.0,10.2,Li,-7.8,2024-11-28 02:27,1.1,1.7
2024-11-27 21:17:05.626000000,Ay,171.0,0.0,45.4,Ay,-3.3,2024-11-28 02:47,0.0,0.1
2024-11-27 21:18:30.265000000,Li,5.0,0.0,10.2,Li,-7.8,2024-11-28 02:47,1.1,1.8
2024-11-27 21:38:06.225000000,Ay,171.0,0.0,48.0,Ay,-3.4,2024-11-28 03:07,0.0,0.7
2024-11-27 21:39:28.185000000,Li,5.0,0.0,10.2,Li,-7.8,2024-11-28 03:07,1.1,1.1
2024-11-27 21:56:06.223000000,Ay,171.0,0.0,37.9,Ay,-3.1,2024-11-28 03:27,0.0,1.5
2024-11-27 22:00:29.698000000,Li,5.0,0.0,10.2,Li,-8.1,2024-11-28 03:27,1.1,0.4
2024-11-27 22:17:05.955000000,Ay,171.0,0.0,42.3,Ay,-3.0,2024-11-28 03:47,0.0,1.9
2024-11-27 22:18:29.659000000,Li,5.0,0.0,10.2,Li,-8.4,2024-11-28 03:47,1.1,0.2
2024-11-27 22:38:04.630000000,Ay,171.0,0.0,32.2,Ay,-3.7,2024-11-28 04:07,0.0,0.1
2024-11-27 22:39:29.374000000,Li,5.0,0.0,10.2,Li,-8.5,2024-11-28 04:07,1.1,0.6
2024-11-27 22:56:06.283000000,Ay,171.0,0.0,39.6,Ay,-4.1,2024-11-28 04:27,0.0,0.4
2024-11-27 23:00:29.962000000,Li,5.0,0.0,10.2,Li,-8.8,2024-11-28 04:27,1.1,0.3
2024-11-27 23:17:06.536000000,Ay,171.0,0.0,34.2,Ay,-4.5,2024-11-28 04:47,0.0,0.0
2024-11-27 23:18:30.274000000,Li,5.0,0.0,10.2,Li,-8.7,2024-11-28 04:47,1.1,0.5
2024-11-27 23:38:06.248000000,Ay,171.0,0.0,37.5,Ay,-4.6,2024-11-28 05:07,0.0,0.0
2024-11-27 23:56:06.257000000,Ay,171.0,0.0,43.7,Ay,-4.9,2024-11-28 05:27,0.0,0.0
2024-11-28 00:17:06.274000000,Ay,171.0,0.0,44.0,Ay,-5.2,2024-11-28 05:47,0.0,0.2
2024-11-28 00:38:05.600000000,Ay,171.0,0.0,41.8,Ay,-5.6,2024-11-28 06:07,0.0,0.2
2024-11-28 00:56:06.400000000,Ay,173.0,0.0,39.7,Ay,-5.4,2024-11-28 06:27,0.0,0.3
2024-11-28 01:17:06.558000000,Ay,173.0,0.0,53.4,Ay,-5.1,2024-11-28 06:47,0.0,0.1
2024-11-28 01:38:05.409000000,Ay,173.0,0.0,42.7,Ay,-5.2,2024-11-28 07:07,0.0,0.0
2024-11-28 01:56:06.591000000,Ay,173.0,0.0,37.3,Ay,-5.5,2024-11-28 07:27,0.0,0.0
2024-11-28 02:17:06.446000000,Ay,173.0,0.0,43.6,Ay,-5.7,2024-11-28 07:47,0.0,0.0
2024-11-28 02:38:06.028000000,Ay,173.0,0.0,48.1,Ay,-5.0,2024-11-28 08:07,0.0,0.0
2024-11-28 02:56:05.833000000,Ay,173.0,0.0,46.3,Ay,-2.2,2024-11-28 08:27,0.0,0.0
2024-11-28 03:17:06.481000000,Ay,173.0,0.0,35.0,Ay,-1.7,2024-11-28 08:47,0.0,0.0
2024-11-28 03:38:06.190000000,Ay,173.0,0.0,38.6,Ay,-1.5,2024-11-28 09:07,0.0,0.9
2024-11-28 03:56:05.345000000,Ay,173.0,0.0,37.9,Ay,-2.7,2024-11-28 09:27,0.0,2.1
2024-11-28 04:17:06.338000000,Ay,173.0,0.0,36.8,Ay,-2.3,2024-11-28 09:47,0.0,0.9
2024-11-28 04:38:06.588000000,Ay,173.0,0.0,38.1,Ay,-1.7,2024-11-28 10:07,0.0,3.3
2024-11-28 04:56:04.934000000,Ay,173.0,0.0,39.3,Ay,-1.3,2024-11-28 10:27,0.0,1.6
2024-11-28 05:17:05.536000000,Ay,173.0,0.0,40.0,Ay,-0.8,2024-11-28 10:47,0.0,1.9
2024-11-28 05:18:30.582000000,Li,5.0,0.0,10.2,Li,-9.3,2024-11-28 07:47,1.1,1.5
2024-11-28 05:19:16.963000000,Li,5.0,0.0,10.2,Li,-9.4,2024-11-28 08:07,1.1,0.7
2024-11-28 05:19:59.726000000,Li,5.0,0.0,10.2,Li,-8.9,2024-11-28 08:27,1.1,0.6
2024-11-28 05:20:23.176000000,Li,5.0,0.0,10.2,Li,-9.4,2024-11-28 08:47,1.2,0.2
2024-11-28 05:20:59.065000000,Li,5.0,0.0,10.2,Li,-9.3,2024-11-28 09:07,1.2,0.0
2024-11-28 05:22:18.422000000,Li,5.0,0.0,1.2,Li,-6.6,2024-11-28 09:47,2.0,1.3
2024-11-28 05:22:39.813000000,Li,5.0,0.0,1.2,Li,-6.6,2024-11-28 09:47,2.0,1.3
2024-11-28 05:23:16.468000000,Li,5.0,0.0,1.3,Li,-3.5,2024-11-28 10:27,2.2,1.5
2024-11-28 05:23:39.103000000,Li,6.0,0.0,8.9,Li,-3.2,2024-11-28 10:47,2.4,0.4
2024-11-28 05:38:05.417000000,Ay,173.0,0.0,26.0,Ay,-0.7,2024-11-28 11:07,0.0,1.4
2024-11-28 05:39:29.690000000,Li,6.0,0.0,9.0,Li,-3.0,2024-11-28 11:07,2.4,0.8
2024-11-28 05:59:06.052000000,Ay,173.0,0.0,42.3,Ay,-0.6,2024-11-28 11:27,0.0,0.8
2024-11-28 06:00:29.928000000,Li,6.0,0.0,9.0,Li,-1.7,2024-11-28 11:27,2.3,1.4
2024-11-28 06:17:04.231000000,Ay,175.0,0.0,36.3,Ay,-0.1,2024-11-28 11:47,0.0,1.2
2024-11-28 06:18:28.828000000,Li,6.0,0.0,9.1,Li,-1.1,2024-11-28 11:47,2.4,0.6
2024-11-28 06:39:28.439000000,Li,6.0,0.0,9.1,Li,-1.0,2024-11-28 12:07,2.5,1.4
2024-11-28 06:44:06.144000000,Ay,176.0,0.0,63.3,Ay,0.3,2024-11-28 12:07,0.0,0.5
2024-11-28 06:59:04.812000000,Ay,179.0,0.0,37.5,Ay,0.5,2024-11-28 12:27,0.0,0.1
2024-11-28 07:00:30.111000000,Li,6.0,0.0,9.1,Li,-0.9,2024-11-28 12:27,2.5,1.6
2024-11-28 07:18:29.817000000,Li,6.0,0.0,9.1,Li,0.1,2024-11-28 12:47,2.5,0.9
2024-11-28 07:23:04.645000000,Ay,182.0,0.0,53.5,Ay,1.3,2024-11-28 12:47,0.0,0.1
2024-11-28 07:38:06.177000000,Ay,185.0,0.0,56.6,Ay,1.2,2024-11-28 13:07,0.0,1.3
2024-11-28 07:39:28.597000000,Li,6.0,0.0,9.1,Li,0.3,2024-11-28 13:07,2.5,1.1
2024-11-28 08:00:30.172000000,Li,6.0,0.0,9.1,Li,0.7,2024-11-28 13:27,2.5,2.1
2024-11-28 08:02:04.477000000,Ay,189.0,0.0,45.6,Ay,1.1,2024-11-28 13:27,0.0,0.3
2024-11-28 08:17:18.501000000,Ay,192.0,0.0,61.3,Ay,1.1,2024-11-28 13:47,0.0,0.2
2024-11-28 08:18:30.189000000,Li,6.0,0.0,9.1,Li,1.1,2024-11-28 13:47,2.5,2.4
2024-11-28 08:39:30.338000000,Li,6.0,0.0,9.1,Li,1.2,2024-11-28 14:07,2.4,1.1
2024-11-28 08:47:06.207000000,Ay,194.0,0.0,60.8,Ay,0.7,2024-11-28 14:07,0.0,0.4
2024-11-28 08:59:04.853000000,Ay,197.0,0.0,49.6,Ay,0.8,2024-11-28 14:27,0.0,0.0
2024-11-28 09:00:30.067000000,Li,6.0,0.0,9.1,Li,1.2,2024-11-28 14:27,2.4,1.6
2024-11-28 09:18:29.440000000,Li,6.0,0.0,9.0,Li,1.1,2024-11-28 14:47,2.3,2.7
2024-11-28 09:23:05.310000000,Ay,200.0,0.0,53.6,Ay,0.7,2024-11-28 14:47,0.0,0.4
2024-11-28 09:38:05.381000000,Ay,204.0,0.0,58.5,Ay,0.6,2024-11-28 15:07,0.0,0.2
2024-11-28 09:39:29.270000000,Li,6.0,0.0,9.1,Li,1.4,2024-11-28 15:07,2.3,2.1
2024-11-28 10:00:27.983000000,Li,6.0,0.0,9.1,Li,1.9,2024-11-28 15:27,2.2,1.8
2024-11-28 10:02:05.874000000,Ay,207.0,0.0,38.6,Ay,0.3,2024-11-28 15:27,0.0,0.1
2024-11-28 10:17:03.918000000,Ay,210.0,0.0,53.6,Ay,0.2,2024-11-28 15:47,0.0,0.1
2024-11-28 10:18:29.327000000,Li,6.0,0.0,9.1,Li,1.2,2024-11-28 15:47,2.2,0.8
2024-11-28 10:39:29.982000000,Li,6.0,0.0,9.1,Li,1.4,2024-11-28 16:07,2.1,0.5
2024-11-28 10:44:05.319000000,Ay,213.0,0.0,38.4,Ay,0.0,2024-11-28 16:07,0.0,0.0
2024-11-28 10:56:05.381000000,Ay,215.0,0.0,42.5,Ay,-0.4,2024-11-28 16:27,0.0,1.5
2024-11-28 11:00:29.386000000,Li,6.0,0.0,9.0,Li,1.1,2024-11-28 16:27,2.0,1.9
2024-11-28 11:17:06.764000000,Ay,215.0,0.0,42.9,Ay,-0.4,2024-11-28 16:47,0.0,0.7
2024-11-28 11:18:28.693000000,Li,6.0,0.0,9.1,Li,-1.4,2024-11-28 16:47,1.6,0.2
2024-11-28 11:38:06.095000000,Ay,215.0,0.0,36.3,Ay,-0.6,2024-11-28 17:07,0.0,1.8
2024-11-28 11:39:31.081000000,Li,6.0,0.0,9.1,Li,-2.5,2024-11-28 17:07,1.5,0.3
2024-11-28 11:56:06.310000000,Ay,215.0,0.0,42.1,Ay,-0.5,2024-11-28 17:27,0.0,1.6
2024-11-28 12:00:28.354000000,Li,6.0,0.0,9.1,Li,-2.8,2024-11-28 17:27,1.4,0.1
2024-11-28 12:17:06.248000000,Ay,215.0,0.0,36.0,Ay,-0.6,2024-11-28 17:47,0.0,0.4
2024-11-28 12:18:29.795000000,Li,6.0,0.0,9.1,Li,-3.2,2024-11-28 17:47,1.4,0.7
2024-11-28 12:39:30.248000000,Li,6.0,0.0,9.1,Li,-3.4,2024-11-28 18:07,1.4,1.1
2024-11-28 12:41:06.404000000,Ay,216.0,0.0,43.1,Ay,-0.1,2024-11-28 18:07,0.0,0.3
2024-11-28 12:56:00.037000000,Ay,217.0,0.0,39.1,Ay,-0.1,2024-11-28 18:27,0.0,1.3
2024-11-28 13:00:28.334000000,Li,6.0,0.0,9.1,Li,-3.2,2024-11-28 18:27,1.3,1.3
2024-11-28 13:18:30.301000000,Li,6.0,0.0,9.1,Li,-3.4,2024-11-28 18:47,1.3,0.3
2024-11-28 13:20:04.287000000,Ay,217.0,0.0,39.5,Ay,-0.1,2024-11-28 18:47,0.0,1.3
2024-11-28 13:38:06.562000000,Ay,219.0,0.0,32.4,Ay,0.3,2024-11-28 19:07,0.0,0.5
2024-11-28 13:39:30.821000000,Li,6.0,0.0,9.0,Li,-3.9,2024-11-28 19:07,1.3,0.8
2024-11-28 13:56:00.126000000,Ay,222.0,0.0,57.0,Ay,0.4,2024-11-28 19:27,0.0,0.7
2024-11-28 14:00:29.590000000,Li,6.0,0.0,9.0,Li,-3.8,2024-11-28 19:27,1.2,1.9
2024-11-28 14:18:30.523000000,Li,6.0,0.0,9.0,Li,-4.2,2024-11-28 19:47,1.2,1.3
2024-11-28 14:20:06.523000000,Ay,225.0,0.0,34.7,Ay,-0.1,2024-11-28 19:47,0.0,0.8
2024-11-28 14:39:28.866000000,Li,6.0,0.0,9.0,Li,-4.3,2024-11-28 20:07,1.2,1.3
2024-11-28 14:41:06.144000000,Ay,227.0,0.0,45.4,Ay,-0.1,2024-11-28 20:07,0.0,3.7
2024-11-28 14:43:53.057000000,Ig,1.0,0.0,0.0,Ig,-7.0,2024-11-28 20:08,-2.6,2.1
2024-11-28 14:50:36.567000000,Ig,1.0,0.0,102.8,Ig,-7.1,2024-11-28 20:15,-2.6,1.3
2024-11-28 14:56:04.426000000,Ay,229.0,0.0,46.8,Ay,-0.3,2024-11-28 20:27,0.0,2.8
2024-11-28 15:00:28.885000000,Li,6.0,0.0,9.1,Li,-4.1,2024-11-28 20:27,1.2,1.8
2024-11-28 15:17:06.154000000,Ay,229.0,0.0,48.9,Ay,-0.7,2024-11-28 20:47,0.0,2.3
2024-11-28 15:18:30.257000000,Li,6.0,0.0,9.0,Li,-4.9,2024-11-28 20:47,1.1,1.9
2024-11-28 15:38:06.756000000,Ay,229.0,0.0,42.5,Ay,-1.2,2024-11-28 21:07,0.0,3.1
2024-11-28 15:39:29.854000000,Li,6.0,0.0,9.0,Li,-4.9,2024-11-28 21:07,1.1,2.3
2024-11-28 15:41:52.815000000,Ig,1.0,0.0,67.8,Ig,-7.0,2024-11-28 21:03,-2.6,1.0
2024-11-28 15:56:05.149000000,Ay,229.0,0.0,32.4,Ay,-0.1,2024-11-28 21:27,0.0,1.6
2024-11-28 16:00:30.291000000,Li,6.0,0.0,9.0,Li,-4.7,2024-11-28 21:27,1.1,0.9
2024-11-28 16:17:06.861000000,Ay,229.0,0.0,41.2,Ay,-1.7,2024-11-28 21:47,0.0,0.0
2024-11-28 16:18:30.618000000,Li,6.0,0.0,9.0,Li,-4.3,2024-11-28 21:47,1.1,1.4
2024-11-28 16:38:06.065000000,Ay,229.0,0.0,41.7,Ay,-1.6,2024-11-28 22:07,0.0,0.4
2024-11-28 16:39:30.435000000,Li,6.0,0.0,9.0,Li,-5.4,2024-11-28 22:07,1.1,0.7
2024-11-28 16:56:06.382000000,Ay,229.0,0.0,42.4,Ay,-1.9,2024-11-28 22:27,0.0,0.1
2024-11-28 17:00:30.356000000,Li,6.0,0.0,9.1,Li,-5.2,2024-11-28 22:27,1.1,0.7
2024-11-28 17:18:30.369000000,Li,6.0,0.0,9.0,Li,-5.5,2024-11-28 22:47,1.0,2.1
2024-11-28 17:39:30.496000000,Li,6.0,0.0,9.0,Li,-5.3,2024-11-28 23:07,1.0,2.3
2024-11-28 17:48:59.619000000,Ig,1.0,0.0,64.8,Ig,-7.9,2024-11-28 23:13,-2.6,1.5
2024-11-28 17:55:42.682000000,Ig,1.0,0.0,65.0,Ig,-7.6,2024-11-28 23:20,-2.6,1.9
2024-11-28 18:00:30.338000000,Li,6.0,0.0,8.9,Li,-5.7,2024-11-28 23:27,1.0,1.0
2024-11-28 18:02:30.111000000,Ig,1.0,0.0,64.8,Ig,-7.7,2024-11-28 23:26,-2.6,2.5
2024-11-28 18:18:30.636000000,Li,6.0,0.0,9.0,Li,-5.6,2024-11-28 23:47,1.1,1.1
2024-11-28 18:38:00.466000000,Ay,229.0,0.0,45.4,Ay,-2.3,2024-11-29 00:07,0.0,0.8
2024-11-28 18:39:30.381000000,Li,6.0,0.0,9.0,Li,-5.5,2024-11-29 00:07,1.1,1.3
2024-11-28 18:56:06.298000000,Ay,229.0,0.0,51.8,Ay,-2.4,2024-11-29 00:27,0.0,0.0
2024-11-28 19:00:30.490000000,Li,6.0,0.0,9.0,Li,-6.0,2024-11-29 00:27,1.0,1.1
2024-11-28 19:09:35.882000000,Ig,1.0,0.0,64.9,Ig,-8.4,2024-11-29 00:34,-2.6,2.2
2024-11-28 19:17:05.229000000,Ay,229.0,0.0,58.5,Ay,-1.7,2024-11-29 00:47,0.0,2.8
2024-11-28 19:18:28.975000000,Li,6.0,0.0,9.0,Li,-6.0,2024-11-29 00:47,1.0,2.2
2024-11-28 19:23:24.499000000,Ig,1.0,0.0,65.2,Ig,-8.2,2024-11-29 00:47,-2.6,1.3
2024-11-28 19:37:58.587000000,Ay,229.0,0.0,52.8,Ay,-1.9,2024-11-29 01:07,0.0,3.2
2024-11-28 19:39:30.743000000,Li,6.0,0.0,9.0,Li,-5.9,2024-11-29 01:07,1.0,1.4
2024-11-28 19:59:06.505000000,Ay,230.0,0.0,37.4,Ay,-2.2,2024-11-29 01:27,0.0,1.1
2024-11-28 20:00:30.877000000,Li,6.0,0.0,9.0,Li,-6.3,2024-11-29 01:27,1.0,1.4
2024-11-28 20:04:36.124000000,Ig,1.0,0.0,65.6,Ig,-8.9,2024-11-29 01:29,-2.6,1.2
2024-11-28 20:17:06.194000000,Ay,231.0,0.0,39.9,Ay,-3.1,2024-11-29 01:47,0.0,3.5
2024-11-28 20:18:30.294000000,Li,6.0,0.0,9.0,Li,-6.2,2024-11-29 01:47,1.0,1.4
2024-11-28 20:38:00.298000000,Ay,231.0,0.0,34.3,Ay,-2.2,2024-11-29 02:07,0.0,1.8
2024-11-28 20:39:31.010000000,Li,6.0,0.0,9.0,Li,-6.2,2024-11-29 02:07,1.0,0.8
2024-11-28 20:56:04.606000000,Ay,231.0,0.0,43.8,Ay,-2.2,2024-11-29 02:27,0.0,0.8
2024-11-28 21:00:29.670000000,Li,6.0,0.0,9.0,Li,-6.4,2024-11-29 02:27,1.0,0.3
2024-11-28 21:11:36.434000000,Ig,1.0,0.0,68.5,Ig,-8.6,2024-11-29 02:36,-2.6,3.2
2024-11-28 21:16:59.004000000,Ay,231.0,0.0,44.2,Ay,-3.8,2024-11-29 02:47,0.0,0.3
2024-11-28 21:18:30.342000000,Li,6.0,0.0,9.4,Li,-6.5,2024-11-29 02:47,1.0,0.4
2024-11-28 21:18:53.578000000,Ig,1.0,0.0,69.3,Ig,-9.1,2024-11-29 02:42,-2.6,1.9
2024-11-28 21:25:28.747000000,Ig,1.0,0.0,69.3,Ig,-9.1,2024-11-29 02:42,-2.6,1.9
2024-11-28 21:38:01.082000000,Ay,231.0,0.0,54.3,Ay,-3.7,2024-11-29 03:07,0.0,1.5
2024-11-28 21:39:28.374000000,Li,7.0,0.0,10.2,Li,-6.9,2024-11-29 03:07,1.1,0.5
2024-11-28 21:56:06.814000000,Ay,231.0,0.0,57.4,Ay,-3.9,2024-11-29 03:27,0.0,0.2
2024-11-28 22:00:29.845000000,Li,7.0,0.0,10.2,Li,-7.1,2024-11-29 03:27,1.1,1.0
2024-11-28 22:06:34.691000000,Ig,1.0,0.0,77.1,Ig,-8.2,2024-11-29 03:31,-2.6,1.2
2024-11-28 22:17:04.718000000,Ay,231.0,0.0,58.8,Ay,-4.5,2024-11-29 03:47,0.0,0.0
2024-11-28 22:18:30.717000000,Li,7.0,0.0,10.2,Li,-6.9,2024-11-29 03:47,1.2,0.0
2024-11-28 22:38:06.375000000,Ay,231.0,0.0,50.6,Ay,-4.6,2024-11-29 04:07,0.0,0.0
2024-11-28 22:39:30.779000000,Li,7.0,0.0,10.2,Li,-7.6,2024-11-29 04:07,1.2,0.0
2024-11-28 22:59:49.362000000,Ay,231.0,0.0,43.1,Ay,-4.2,2024-11-29 04:27,0.0,0.0
2024-11-28 23:08:18.223000000,Ig,1.0,0.0,72.5,Ig,-9.0,2024-11-29 04:32,-2.6,1.7
2024-11-28 23:17:05.997000000,Ay,231.0,0.0,44.2,Ay,-5.3,2024-11-29 04:47,0.0,0.2
2024-11-28 23:18:30.480000000,Li,7.0,0.0,10.2,Li,-6.7,2024-11-29 04:47,1.2,0.9
2024-11-28 23:38:05.026000000,Ay,231.0,0.0,39.5,Ay,-5.2,2024-11-29 05:07,0.0,0.3
2024-11-28 23:39:28.965000000,Li,7.0,0.0,10.2,Li,-6.7,2024-11-29 05:07,1.2,0.6
2024-11-28 23:56:06.235000000,Ay,231.0,0.0,43.7,Ay,-5.2,2024-11-29 05:27,0.0,1.1
2024-11-28 23:56:34.402000000,Ig,1.0,0.0,72.9,Ig,-9.3,2024-11-29 05:21,-2.6,0.9
2024-11-29 00:00:28.388000000,Li,7.0,0.0,10.2,Li,-6.9,2024-11-29 05:27,1.2,0.2
2024-11-29 00:17:04.730000000,Ay,231.0,0.0,33.1,Ay,-5.1,2024-11-29 05:47,0.0,0.0
2024-11-29 00:18:29.780000000,Li,7.0,0.0,10.2,Li,-7.4,2024-11-29 05:47,1.2,0.0
2024-11-29 00:38:06.301000000,Ay,231.0,0.0,43.5,Ay,-5.4,2024-11-29 06:07,0.0,0.0
2024-11-29 00:39:28.945000000,Li,8.0,0.0,10.2,Li,-7.9,2024-11-29 06:07,1.1,0.0
2024-11-29 00:51:40.267000000,Ig,1.0,0.0,69.8,Ig,-9.6,2024-11-29 06:16,-2.6,2.4
2024-11-29 00:56:06.318000000,Ay,231.0,0.0,43.2,Ay,-5.4,2024-11-29 06:27,0.0,0.0
2024-11-29 00:58:36.015000000,Ig,1.0,0.0,70.0,Ig,-9.2,2024-11-29 06:23,-2.6,2.0
2024-11-29 01:00:30.553000000,Li,9.0,0.0,10.2,Li,-8.2,2024-11-29 06:27,1.1,0.1
2024-11-29 01:05:24.493000000,Ig,1.0,0.0,70.3,Ig,-9.5,2024-11-29 06:29,-2.6,1.6
2024-11-29 01:17:06.904000000,Ay,233.0,0.0,36.6,Ay,-5.4,2024-11-29 06:47,0.0,0.0
2024-11-29 01:18:29.994000000,Li,9.0,0.0,10.2,Li,-8.0,2024-11-29 06:47,1.1,1.0
2024-11-29 01:27:47.764000000,Ig,1.0,0.0,69.5,Ig,-10.0,2024-11-29 06:52,-2.6,1.3
2024-11-29 01:38:05.650000000,Ay,233.0,0.0,49.8,Ay,-5.4,2024-11-29 07:07,0.0,0.1
2024-11-29 01:39:30.244000000,Li,9.0,0.0,10.2,Li,-8.0,2024-11-29 07:07,1.1,0.2
2024-11-29 01:41:17.034000000,Ig,1.0,0.0,67.9,Ig,-10.6,2024-11-29 07:05,-2.6,1.5
2024-11-29 01:56:06.792000000,Ay,233.0,0.0,40.8,Ay,-5.9,2024-11-29 07:27,0.0,0.0
2024-11-29 02:00:28.283000000,Li,9.0,0.0,10.2,Li,-7.8,2024-11-29 07:27,1.2,0.7
2024-11-29 02:17:06.722000000,Ay,233.0,0.0,38.3,Ay,-5.6,2024-11-29 07:47,0.0,0.1
2024-11-29 02:18:30.617000000,Li,9.0,0.0,10.2,Li,-7.7,2024-11-29 07:47,1.2,0.7
2024-11-29 02:38:04.068000000,Ay,233.0,0.0,40.1,Ay,-4.9,2024-11-29 08:07,0.0,0.0
2024-11-29 02:39:30.526000000,Li,9.0,0.0,10.2,Li,-7.8,2024-11-29 08:07,1.2,0.6
2024-11-29 02:41:42.078000000,Ig,1.0,0.0,84.7,Ig,-8.2,2024-11-29 08:06,-2.6,2.6
2024-11-29 02:48:35.068000000,Ig,1.0,0.0,84.4,Ig,-8.5,2024-11-29 08:12,-2.6,1.1
2024-11-29 02:55:42.376000000,Ig,1.0,0.0,82.5,Ig,-9.2,2024-11-29 08:20,-2.6,0.7
2024-11-29 02:56:04.187000000,Ay,233.0,0.0,50.1,Ay,-2.7,2024-11-29 08:27,0.0,0.5
2024-11-29 03:00:28.435000000,Li,9.0,0.0,10.2,Li,-7.9,2024-11-29 08:27,1.2,0.1
2024-11-29 03:02:30.964000000,Ig,1.0,0.0,82.7,Ig,-8.6,2024-11-29 08:26,-2.6,0.8
2024-11-29 03:17:06.773000000,Ay,233.0,0.0,52.0,Ay,-2.5,2024-11-29 08:47,0.0,0.0
2024-11-29 03:18:28.544000000,Li,9.0,0.0,10.2,Li,-7.8,2024-11-29 08:47,1.3,0.7
2024-11-29 03:38:05.979000000,Ay,233.0,0.0,39.4,Ay,-2.2,2024-11-29 09:07,0.0,0.0
2024-11-29 03:43:18.308000000,Ig,1.0,0.0,118.3,Ig,-8.4,2024-11-29 09:07,-2.6,0.0
2024-11-29 03:56:05.993000000,Ay,233.0,0.0,34.8,Ay,-2.1,2024-11-29 09:27,0.0,0.1
2024-11-29 04:17:06.853000000,Ay,233.0,0.0,45.1,Ay,-2.6,2024-11-29 09:47,0.0,0.3
2024-11-29 04:38:00.321000000,Ay,233.0,0.0,47.6,Ay,-1.8,2024-11-29 10:07,0.0,0.8
2024-11-29 04:56:06.672000000,Ay,233.0,0.0,48.7,Ay,-1.4,2024-11-29 10:27,0.0,0.6
2024-11-29 05:16:59.951000000,Ay,233.0,0.0,49.9,Ay,-0.5,2024-11-29 10:47,0.0,0.0
2024-11-29 05:28:52.354000000,Ay,233.0,0.0,49.9,Ay,-0.5,2024-11-29 10:47,0.0,0.0
2024-11-29 05:29:35.763000000,Ay,233.0,0.0,49.9,Ay,-0.5,2024-11-29 10:47,0.0,0.0
2024-11-29 05:30:17.850000000,Ay,233.0,0.0,49.9,Ay,-0.5,2024-11-29 10:47,0.0,0.0
2024-11-29 05:32:41.815000000,Ay,233.0,0.0,49.9,Ay,-0.5,2024-11-29 10:47,0.0,0.0
2024-11-29 05:38:00.088000000,Ay,233.0,0.0,64.4,Ay,-0.6,2024-11-29 11:07,0.0,0.0
2024-11-29 06:08:05.244000000,Ay,234.0,0.0,58.8,Ay,-0.2,2024-11-29 11:27,0.0,0.4
2024-11-29 06:16:59.926000000,Ay,237.0,0.0,50.1,Ay,-0.4,2024-11-29 11:47,0.0,0.0
2024-11-29 06:41:05.918000000,Ay,239.0,0.0,44.4,Ay,0.3,2024-11-29 12:07,0.0,2.1
2024-11-29 07:05:06.176000000,Ay,242.0,0.0,50.6,Ay,0.4,2024-11-29 12:27,0.0,2.4
2024-11-29 07:17:04.509000000,Ay,245.0,0.0,59.3,Ay,0.7,2024-11-29 12:47,0.0,1.4
2024-11-29 07:36:30.037000000,Li,9.0,0.0,1.3,Li,-5.4,2024-11-29 09:47,1.9,1.7
2024-11-29 07:37:10.383000000,Li,9.0,0.0,1.2,Li,-3.5,2024-11-29 10:07,2.1,0.3
2024-11-29 07:38:00.375000000,Li,9.0,0.0,1.2,Li,-2.6,2024-11-29 10:27,2.3,0.9
2024-11-29 07:38:21.753000000,Li,9.0,0.0,1.3,Li,-1.4,2024-11-29 10:47,2.4,0.7
2024-11-29 07:38:59.843000000,Li,9.0,0.0,1.3,Li,-1.9,2024-11-29 11:07,2.4,0.5
2024-11-29 07:44:00.903000000,Ay,248.0,0.0,65.0,Ay,1.4,2024-11-29 13:07,0.0,0.0
2024-11-29 07:59:06.428000000,Ay,251.0,0.0,62.6,Ay,0.8,2024-11-29 13:27,0.0,1.3
2024-11-29 08:22:58.435000000,Ay,254.0,0.0,50.6,Ay,1.1,2024-11-29 13:47,0.0,0.0
2024-11-29 08:38:06.584000000,Ay,258.0,0.0,75.2,Ay,1.1,2024-11-29 14:07,0.0,0.0
2024-11-29 09:02:06.753000000,Ay,261.0,0.0,47.9,Ay,1.3,2024-11-29 14:27,0.0,0.0
2024-11-29 09:19:58.745000000,Li,1.0,0.0,1.6,Li,3.1,2024-11-29 14:42,2.4,1.3
2024-11-29 09:26:00.027000000,Ay,264.0,0.0,50.1,Ay,1.6,2024-11-29 14:47,0.0,0.0
2024-11-29 09:34:47.784000000,Li,2.0,0.0,8.9,Li,2.9,2024-11-29 15:02,2.2,1.0
2024-11-29 09:41:00.237000000,Ay,267.0,0.0,50.7,Ay,1.4,2024-11-29 15:07,0.0,0.0
2024-11-29 09:55:48.140000000,Li,4.0,0.0,3.1,Li,1.3,2024-11-29 15:22,2.0,1.6
2024-11-29 10:05:06.104000000,Ay,270.0,0.0,52.9,Ay,1.5,2024-11-29 15:27,0.0,0.0
2024-11-29 10:17:06.722000000,Ay,273.0,0.0,71.7,Ay,1.2,2024-11-29 15:47,0.0,0.8
2024-11-29 10:44:08.374000000,Ay,276.0,0.0,49.6,Ay,0.6,2024-11-29 16:07,0.0,0.7
2024-11-29 10:56:05.937000000,Ay,280.0,0.0,70.6,Ay,0.8,2024-11-29 16:27,0.0,0.0
2024-11-29 11:20:00.053000000,Ay,283.0,0.0,54.6,Ay,0.6,2024-11-29 16:47,0.0,0.2
2024-11-29 11:46:58.370000000,Ay,286.0,0.0,52.8,Ay,0.2,2024-11-29 17:07,0.0,0.5
2024-11-29 12:02:06.883000000,Ay,289.0,0.0,45.7,Ay,0.1,2024-11-29 17:27,0.0,1.2
2024-11-29 12:19:57.932000000,Ay,292.0,0.0,61.3,Ay,0.0,2024-11-29 17:47,0.0,0.7
2024-11-29 12:37:59.842000000,Ay,293.0,0.0,56.5,Ay,-0.1,2024-11-29 18:07,0.0,0.3
2024-11-29 13:02:04.501000000,Ay,295.0,0.0,47.0,Ay,0.1,2024-11-29 18:27,0.0,0.6
2024-11-29 13:16:59.578000000,Ay,297.0,0.0,65.1,Ay,-0.4,2024-11-29 18:47,0.0,1.7
2024-11-29 13:37:59.411000000,Ay,297.0,0.0,59.6,Ay,-0.5,2024-11-29 19:07,0.0,1.2
2024-11-29 13:56:06.593000000,Ay,297.0,0.0,65.5,Ay,-0.6,2024-11-29 19:27,0.0,0.5
2024-11-29 14:17:06.319000000,Ay,297.0,0.0,68.9,Ay,-0.9,2024-11-29 19:47,0.0,1.6
2024-11-29 14:37:58.835000000,Ay,297.0,0.0,64.4,Ay,-0.7,2024-11-29 20:07,0.0,1.9
2024-11-29 14:56:06.112000000,Ay,297.0,0.0,63.0,Ay,-0.7,2024-11-29 20:27,0.0,0.3
2024-11-29 15:17:00.764000000,Ay,297.0,0.0,65.4,Ay,-1.2,2024-11-29 20:47,0.0,1.3
2024-11-29 18:38:06.567000000,Ay,299.0,0.0,65.5,Ay,-2.0,2024-11-30 00:07,0.0,0.1
2024-11-29 18:56:05.246000000,Ay,299.0,0.0,66.6,Ay,-2.3,2024-11-30 00:27,0.0,0.5
2024-11-29 19:17:07.010000000,Ay,299.0,0.0,51.2,Ay,-2.5,2024-11-30 00:47,0.0,1.9
2024-11-29 19:37:59.538000000,Ay,299.0,0.0,62.6,Ay,-2.4,2024-11-30 01:07,0.0,0.9
2024-11-29 19:56:04.979000000,Ay,299.0,0.0,71.0,Ay,-2.5,2024-11-30 01:27,0.0,0.9
2024-11-29 20:17:06.352000000,Ay,299.0,0.0,59.0,Ay,-2.5,2024-11-30 01:47,0.0,0.0
2024-11-29 20:38:00.739000000,Ay,299.0,0.0,69.7,Ay,-2.1,2024-11-30 02:07,0.0,0.7
2024-11-29 20:56:06.184000000,Ay,299.0,0.0,72.1,Ay,-2.4,2024-11-30 02:27,0.0,0.1
2024-11-29 21:17:06.825000000,Ay,299.0,0.0,74.3,Ay,-2.1,2024-11-30 02:47,0.0,0.2
2024-11-29 21:37:58.871000000,Ay,299.0,0.0,69.7,Ay,-2.1,2024-11-30 03:07,0.0,0.1
2024-11-29 21:55:58.677000000,Ay,299.0,0.0,37.3,Ay,-2.3,2024-11-30 03:27,0.0,0.1
2024-11-29 22:16:59.796000000,Ay,299.0,0.0,70.8,Ay,-2.4,2024-11-30 03:47,0.0,0.7
2024-11-29 22:38:07.128000000,Ay,299.0,0.0,66.5,Ay,-2.5,2024-11-30 04:07,0.0,0.6
2024-11-29 22:56:00.799000000,Ay,299.0,0.0,67.8,Ay,-2.7,2024-11-30 04:27,0.0,0.2
2024-11-29 23:17:01.025000000,Ay,299.0,0.0,60.2,Ay,-2.5,2024-11-30 04:47,0.0,0.0
2024-11-29 23:38:00.434000000,Ay,301.0,0.0,54.7,Ay,-2.9,2024-11-30 05:07,0.0,0.0
2024-11-29 23:55:58.390000000,Ay,301.0,0.0,53.0,Ay,-3.1,2024-11-30 05:27,0.0,0.1
2024-11-30 00:17:00.802000000,Ay,301.0,0.0,52.4,Ay,-2.8,2024-11-30 05:47,0.0,0.2
2024-11-30 00:38:00.920000000,Ay,301.0,0.0,41.3,Ay,-3.0,2024-11-30 06:07,0.0,0.0
2024-11-30 00:55:58.474000000,Ay,301.0,0.0,44.3,Ay,-3.1,2024-11-30 06:27,0.0,0.1
2024-11-30 01:16:58.256000000,Ay,301.0,0.0,38.7,Ay,-2.9,2024-11-30 06:47,0.0,0.1
2024-11-30 01:38:00.384000000,Ay,301.0,0.0,44.4,Ay,-2.9,2024-11-30 07:07,0.0,0.7
2024-11-30 01:56:00.597000000,Ay,301.0,0.0,41.9,Ay,-3.0,2024-11-30 07:27,0.0,0.8
2024-11-30 02:17:00.517000000,Ay,301.0,0.0,34.5,Ay,-2.4,2024-11-30 07:47,0.0,0.0
2024-11-30 02:38:05.149000000,Ay,301.0,0.0,39.3,Ay,-2.5,2024-11-30 08:07,0.0,0.2
2024-11-30 02:56:00.047000000,Ay,301.0,0.0,41.7,Ay,-3.7,2024-11-30 08:27,0.0,2.8
2024-11-30 03:17:00.487000000,Ay,301.0,0.0,49.1,Ay,-1.9,2024-11-30 08:47,0.0,0.0
2024-11-30 03:38:00.609000000,Ay,301.0,0.0,53.6,Ay,-1.4,2024-11-30 09:07,0.0,0.0
2024-11-30 03:55:59.761000000,Ay,301.0,0.0,44.8,Ay,-1.8,2024-11-30 09:27,0.0,0.0
2024-11-30 04:16:59.480000000,Ay,301.0,0.0,44.0,Ay,-0.7,2024-11-30 09:47,0.0,0.1
2024-11-30 04:41:06.455000000,Ay,301.0,0.0,45.7,Ay,-1.0,2024-11-30 10:07,0.0,0.0
2024-11-30 04:56:00.894000000,Ay,303.0,0.0,32.3,Ay,-1.3,2024-11-30 10:27,0.0,0.1
2024-11-30 05:16:58.445000000,Ay,303.0,0.0,36.0,Ay,-0.6,2024-11-30 10:47,0.0,0.0
2024-11-30 05:38:00.446000000,Ay,303.0,0.0,53.1,Ay,-0.6,2024-11-30 11:07,0.0,0.0
2024-11-30 05:56:00.450000000,Ay,303.0,0.0,51.8,Ay,-0.6,2024-11-30 11:27,0.0,0.0
2024-11-30 06:22:59.566000000,Ay,304.0,0.0,68.4,Ay,0.1,2024-11-30 11:47,0.0,0.5
2024-11-30 06:44:00.648000000,Ay,306.0,0.0,66.6,Ay,0.4,2024-11-30 12:07,0.0,1.1
2024-11-30 06:56:00.069000000,Ay,310.0,0.0,71.8,Ay,1.1,2024-11-30 12:27,0.0,0.1
2024-11-30 07:23:00.295000000,Ay,312.0,0.0,54.0,Ay,1.5,2024-11-30 12:47,0.0,0.5
2024-11-30 07:47:06.490000000,Ay,316.0,0.0,52.1,Ay,0.8,2024-11-30 13:07,0.0,0.8
2024-11-30 07:58:59.198000000,Ay,319.0,0.0,60.9,Ay,0.9,2024-11-30 13:27,0.0,0.0
2024-11-30 08:26:00.491000000,Ay,322.0,0.0,55.1,Ay,1.0,2024-11-30 13:47,0.0,0.1
2024-11-30 08:38:01.284000000,Ay,325.0,0.0,41.7,Ay,1.4,2024-11-30 14:07,0.0,0.0
2024-11-30 09:05:01.254000000,Ay,328.0,0.0,67.2,Ay,1.6,2024-11-30 14:27,0.0,0.0
2024-11-30 09:20:06.675000000,Ay,331.0,0.0,11.9,Ay,1.6,2024-11-30 14:47,0.0,0.0
2024-11-30 09:44:06.136000000,Ay,334.0,0.0,61.5,Ay,1.3,2024-11-30 15:07,0.0,0.9
2024-11-30 09:56:00.952000000,Ay,338.0,0.0,44.8,Ay,1.4,2024-11-30 15:27,0.0,0.0
2024-11-30 10:26:01.118000000,Ay,340.0,0.0,68.7,Ay,1.5,2024-11-30 15:47,0.0,0.5
2024-11-30 10:41:01.116000000,Ay,343.0,0.0,36.8,Ay,1.6,2024-11-30 16:07,0.0,0.0
2024-11-30 10:55:58.969000000,Ay,346.0,0.0,55.6,Ay,1.4,2024-11-30 16:27,0.0,0.0
2024-11-30 11:20:01.573000000,Ay,349.0,0.0,31.8,Ay,1.5,2024-11-30 16:47,0.0,0.1
2024-11-30 11:43:58.958000000,Ay,352.0,0.0,55.3,Ay,1.3,2024-11-30 17:07,0.0,0.0
2024-11-30 11:59:00.818000000,Ay,355.0,0.0,50.7,Ay,1.2,2024-11-30 17:27,0.0,0.1
2024-11-30 12:22:59.990000000,Ay,358.0,0.0,40.7,Ay,1.2,2024-11-30 17:47,0.0,0.0
2024-11-30 12:47:00.991000000,Ay,362.0,0.0,62.6,Ay,1.3,2024-11-30 18:07,0.0,0.0
2024-11-30 13:02:00.580000000,Ay,365.0,0.0,41.7,Ay,1.2,2024-11-30 18:27,0.0,0.6
2024-11-30 13:19:59.367000000,Ay,368.0,0.0,40.2,Ay,-0.3,2024-11-30 18:47,0.0,1.3
2024-11-30 13:38:01.192000000,Ay,369.0,0.0,37.1,Ay,-0.9,2024-11-30 19:07,0.0,0.7
2024-11-30 13:55:59.278000000,Ay,369.0,0.0,40.5,Ay,-1.1,2024-11-30 19:27,0.0,0.0
2024-11-30 14:17:06.782000000,Ay,369.0,0.0,52.3,Ay,-0.9,2024-11-30 19:47,0.0,1.6
2024-11-30 14:38:04.726000000,Ay,369.0,0.0,48.1,Ay,-2.0,2024-11-30 20:07,0.0,2.2
2024-11-30 14:56:00.878000000,Ay,369.0,0.0,57.0,Ay,-1.5,2024-11-30 20:27,0.0,1.9
2024-11-30 15:17:01.131000000,Ay,369.0,0.0,57.1,Ay,-1.3,2024-11-30 20:47,0.0,0.2
2024-11-30 15:38:00.945000000,Ay,369.0,0.0,57.3,Ay,-1.2,2024-11-30 21:07,0.0,0.8
2024-11-30 18:38:00.524000000,Ay,371.0,0.0,60.5,Ay,-2.7,2024-12-01 00:07,0.0,0.0
2024-11-30 18:56:00.763000000,Ay,371.0,0.0,40.0,Ay,-3.1,2024-12-01 00:27,0.0,0.0
2024-11-30 19:16:58.621000000,Ay,371.0,0.0,49.5,Ay,-3.3,2024-12-01 00:47,0.0,0.4
2024-11-30 19:38:00.704000000,Ay,371.0,0.0,48.4,Ay,-3.1,2024-12-01 01:07,0.0,0.0
2024-11-30 19:56:00.790000000,Ay,371.0,0.0,55.2,Ay,-3.3,2024-12-01 01:27,0.0,0.0
2024-11-30 20:17:00.947000000,Ay,371.0,0.0,58.6,Ay,-3.4,2024-12-01 01:47,0.0,0.0
2024-11-30 20:38:06.922000000,Ay,371.0,0.0,57.1,Ay,-3.3,2024-12-01 02:07,0.0,0.2
2024-11-30 20:55:59.036000000,Ay,371.0,0.0,52.7,Ay,-3.3,2024-12-01 02:27,0.0,0.1
2024-11-30 21:17:00.294000000,Ay,371.0,0.0,46.9,Ay,-3.8,2024-12-01 02:47,0.0,0.0
2024-11-30 21:38:01.156000000,Ay,371.0,0.0,43.0,Ay,-3.8,2024-12-01 03:07,0.0,0.0
2024-11-30 21:56:01.165000000,Ay,371.0,0.0,44.4,Ay,-3.7,2024-12-01 03:27,0.0,0.3
2024-11-30 22:16:59.034000000,Ay,371.0,0.0,44.8,Ay,-3.7,2024-12-01 03:47,0.0,0.3
2024-11-30 22:38:00.290000000,Ay,371.0,0.0,46.2,Ay,-3.9,2024-12-01 04:07,0.0,0.2
2024-11-30 22:56:00.206000000,Ay,371.0,0.0,45.6,Ay,-4.2,2024-12-01 04:27,0.0,0.0
2024-11-30 23:17:00.636000000,Ay,371.0,0.0,30.1,Ay,-4.2,2024-12-01 04:47,0.0,0.1
2024-11-30 23:38:00.460000000,Ay,371.0,0.0,47.0,Ay,-4.1,2024-12-01 05:07,0.0,0.4
2024-11-30 23:55:59.766000000,Ay,373.0,0.0,41.0,Ay,-4.4,2024-12-01 05:27,0.0,0.3
2024-12-01 00:16:59.530000000,Ay,373.0,0.0,40.0,Ay,-4.3,2024-12-01 05:47,0.0,0.3
2024-12-01 00:38:00.743000000,Ay,373.0,0.0,46.2,Ay,-4.2,2024-12-01 06:07,0.0,0.2
2024-12-01 00:56:00.642000000,Ay,373.0,0.0,42.8,Ay,-4.1,2024-12-01 06:27,0.0,0.3
2024-12-01 01:17:00.679000000,Ay,373.0,0.0,42.2,Ay,-4.3,2024-12-01 06:47,0.0,0.0
2024-12-01 01:38:00.569000000,Ay,373.0,0.0,49.7,Ay,-4.6,2024-12-01 07:07,0.0,0.3
2024-12-01 01:56:00.606000000,Ay,373.0,0.0,36.7,Ay,-4.3,2024-12-01 07:27,0.0,0.0
2024-12-01 02:17:00.530000000,Ay,373.0,0.0,28.4,Ay,-4.2,2024-12-01 07:47,0.0,0.2
2024-12-01 02:38:00.254000000,Ay,373.0,0.0,33.9,Ay,-4.1,2024-12-01 08:07,0.0,0.0
2024-12-01 02:55:59.552000000,Ay,373.0,0.0,30.3,Ay,-3.5,2024-12-01 08:27,0.0,0.0
2024-12-01 03:17:00.812000000,Ay,373.0,0.0,21.8,Ay,-2.7,2024-12-01 08:47,0.0,0.0
2024-12-01 03:37:58.657000000,Ay,373.0,0.0,26.9,Ay,-2.5,2024-12-01 09:07,0.0,0.0
2024-12-01 03:56:05.257000000,Ay,373.0,0.0,29.1,Ay,-2.8,2024-12-01 09:27,0.0,0.0
2024-12-01 04:17:00.156000000,Ay,373.0,0.0,28.1,Ay,-2.4,2024-12-01 09:47,0.0,0.1
2024-12-01 04:37:59.257000000,Ay,373.0,0.0,29.0,Ay,-2.2,2024-12-01 10:07,0.0,0.2
2024-12-01 04:58:59.297000000,Ay,374.0,0.0,49.2,Ay,-2.0,2024-12-01 10:27,0.0,0.2
2024-12-01 05:16:58.219000000,Ay,375.0,0.0,34.8,Ay,-2.0,2024-12-01 10:47,0.0,0.6
2024-12-01 05:37:59.227000000,Ay,375.0,0.0,31.4,Ay,-1.7,2024-12-01 11:07,0.0,0.6
